{
   "flag":"nl.png",
   "code":"nl",
   "strings":{
      "largest_transactions":{
         
      },
      "charts":{
         "operating_margin_label":"Operationele Marge mijners (%)",
         "my_wallet_n_users2":"Aantal portemonnees die gebruik van onze Mijn Portemonnee Service.",
         "hash_rate":"Hashsnelheid",
         "days_destroyed_cumulative2":"Vernietigde Bitcoindagen is een maat voor het transactievolume van Bitcoin. Als iemand beschikt over 100 BTC en deze na week uitgeeft, vernietigt hij zo 700 Bitcoindagen. Als ze die 100BTC naar meerdere adressen sturen en dan vervolgens uitgeven, kan het totale transactievolume willekeurig groot worden, maar het aantal vernietigde Bitcoindagen blijft 700.",
         "all_time":"Alle tijden",
         "n_orphaned_blocks2":"Aantal blokken gemijnd per dag die geen deel uitmaken van de hoofdketen.",
         "estimated_transaction_volume_usd":"Geschat USD Transactievolume",
         "my_wallet_transaction_volume2":"Transactievolume van onze web-portemonnee service (laatste 24 uur).",
         "n_transactions_total":"Totaal aantal transacties",
         "days_destroyed_filter_month2":"Gefilterd op minimale inputleeftijd van 1 maand.",
         "blockchain_size_label":"MB",
         "estimated_transaction_volume_usd2":"Het geschatte Transactievolume in USD.",
         "my_wallet_n_tx":"Aantal transacties in 'Mijn Portemonnee' per dag",
         "cost_per_transaction2":"Een grafiek met mijners inkomsten gedeeld door het aantal transacties.",
         "number_of_blocks":"Aantal blokken",
         "miners_revenue2":"Historische grafiek met het aantal Bitcoins gemijnd per dag + transactiekosten * marktprijs.",
         "total_bitcoins2":"Een grafiek die het totale aantal Bitcoins per tijdseenheid laat zien.",
         "trade_vol":"USD Markt Handelsvolume",
         "days_destroyed_filter_week2":"Gefilterd op minimale inputleeftijd van 1 week.",
         "my_wallet_transaction_volume":"'Mijn Portemonnee' Transactievolume",
         "n_unique_addresses":"Aantal unieke gebruikte Bitcoin Adressen",
         "difficulty2":"Een grafiek die de verandering van de moeilijkheidsgraad over een periode laat zien. De moeilijkheidsgraad is een maat voor hoe moeilijk het is om een \u200B\u200Bnieuw blok vinden vergeleken met het eenvoudigste dat mogelijk is.",
         "days_destroyed_filter_year":"Bitcoindagen Vernietigd (gefilterd naar Minimum Leeftijd van 1 jaar)",
         "operating_margin2":"De grafiek die mijners inkomsten verminderd met de geschatte stroom en bandbreedte kosten laat zien.",
         "difficulty":"Moeilijkheidsgraad",
         "mywallet_balance_over_time":"Mijn Portemonnee: Balans per tijdseenheid",
         "estimated_transaction_volume2":"Vergelijkbaar met het totale eindpuntvolume met de toevoeging van een algoritme dat probeert wisselgeldtransacties uit de totale waarde te halen. Dit geeft misschien een meer accurate versie van het transactievolume.",
         "output_volume":"Totaal Volume Eindpuntsvermogen",
         "avg_confirmation_time_label":"Gemiddelde Bevestigingstijd (minuten)",
         "market_cap2":"Een grafiek die het totaal aantal Bitcoins in omloop * de marktprijs in USD laat zien.",
         "blockchain_size2":"De totale omvang van alle blokken en transacties. Exclusief database indexen.",
         "header":"Bitcoin Grafieken",
         "market_price":"Marktprijs (USD)",
         "raw_values":"Onbewerkte waardes",
         "my_wallet_n_users":"Aantal Gebruikers van 'Mijn Portemonnee'",
         "my_wallet_n_tx2":"Aantal transacties van Mijn Portemonnee Gebruikers per dag.",
         "errors":{
            
         },
         "transaction_fees":"Totaal aan Transactiekosten",
         "tx_trade_ratio":"Handelsvolume vs Transactievolume Ratio",
         "market_price_usd":"Marktprijs (USD)",
         "operating_margin":"Operationele marge mijners",
         "title":"Bitcoin Grafieken - Blockchain.info",
         "n_orphaned_blocks":"Aantal Weesblokken",
         "transaction_fees2":"Een grafiek die de totale BTC waarde schat van de transactiekosten die mijners verdienen per dag.",
         "blockchain_size":"Grootte van de Blokketen",
         "trade_vol_label":"Handelsvolume (USD)",
         "days_destroyed_filter_month":"Bitcoindagen Vernietigd (gefilterd naar Minimum Leeftijd van 1 maand)",
         "tx_trade_ratio2":"Grafiek die de relatie tussen BTC transactievolume en USD-volume laat zien.",
         "cost_percent_per_transaction2":"Een grafiek met mijners inkomsten als percentage van het transactievolume.",
         "miners_revenue_label":"Mijners Omzet (USD)",
         "hash_rate2":"Het geschatte aantal gigahashes per seconde (miljarden hashes per seconde) die het bitcoin netwerk levert.",
         "network_deficit":"Netwerk Tekort",
         "hash_rate_label":"Hashsnelheid in GH\/s",
         "n_transactions_excluding_popular2":"Een grafiek met het totaal aantal unieke bitcoin transacties per dag met uitzondering van die welke deel uitmaken van een van de top 100 meest populaire adressen",
         "days_destroyed_filter_year2":"Gefilterd op minimale inputleeftijd van 1 jaar.",
         "avg_confirmation_time2":"De gemiddelde tijd voor transacties worden verwerkt in een blok.",
         "estimated_transaction_volume":"Geschatte Transactievolume",
         "total_received_to_address":"Totaal ontvangen op bitcoin adres:",
         "output_volume_label":"Eindpuntsvermogen Volume (BTC)",
         "cost_percent_per_transaction":"Kostenpercentage van transactievolume",
         "network_deficit2":"Toont verschil tussen transactiekosten en de kosten van bitcoin mijners.",
         "days_destroyed_filter_week":"Bitcoindagen Vernietigd (gefilterd naar Minimum Leeftijd van 1 week)",
         "avg_block_size":"Gemiddelde Blokgrootte",
         "output_volume2":"De totale waarde van alle transactie eindpunten per dag. Dit geldt ook voor munten die werden teruggestuurd naar de afzender als wisselgeld.",
         "estimated_transaction_volume_usd_label":"Transactievolume (USD)",
         "trade_vol2":"Een grafiek met het handelsvolume in USD van de top bitcoinmarkten.",
         "market_cap_label":"Marktkapitalisatie (USD)",
         "estimated_transaction_volume_label":"Transactievolume (BTC)",
         "miners_revenue":"Mijners omzet",
         "days_destroyed2":"Een niet-cumulatieve versie van Bitcoindagen vernietigd."
      },
      "donation_button":{
         "p2":"Voeg de volgende HTML-code in waar u wilt dat de knop wordt weergegeven",
         "title":"Maak Donatie Knop"
      },
      "transaction_page":{
         "summary":"Samenvatting",
         "total_output":"Totaal uitgaand vermogen",
         "estimated_possibly_never":"Mogelijk Nooit (Dubbele uitgave)",
         "input_scripts":"Ingaande Scripts",
         "minutes":"minuten",
         "relayed_by_ip_warning":"Het weergegeven IP-adres identificeert het Bitcoin knooppunt die deze transactie als eerste heeft uitgezonden naar Blockchain.info. Dit betekent dus niet noodzakelijk dat de betaling ook is verricht vanaf dit IP-adres.",
         "reward_from_block":"Beloning van blokken",
         "null_script_or_error":"Null script of fout bij het decoderen",
         "estimated_btc_transacted":"Geschat BTC Transactievolume",
         "total_input":"Totaal aan ingaande transacties",
         "tree_chart":"Bekijk Boom Grafiek",
         "inputs_and_outputs":"Ingaande- en Uitgaande transacties",
         "decoded":"onversleuteld",
         "network_propagation":"Netwerk Doorloop (Klik om te tonen)",
         "output_scripts":"Uitgaande Scripts",
         "double_spend":{
            "p1":"Waarschuwing! deze transactie is een dubbele uitgave",
            "p2":"Je moet heel voorzichtig zijn bij het vertrouwen van transacties van \/ met deze afzender."
         }
      },
      "popular_addresses":{
         "sub_header":"Meest populaire Bitcoin adressen gesorteerd op het aantal bestemmingen",
         "meta_description":"Top 100 meest populaire Bitcoin adressen gesorteerd op het aantal bestemmingen.",
         "number_of_outputs":"Aantal bestemmingen",
         "title":"100 Meest populaire Bitcoin Adressen - Blockchain.info"
      },
      "pools":{
         "sub_header":"Een schatting van de hashrate verdeling van de grootste mijnpools",
         "meta_description":"Een cirkeldiagram met de hashsnelheid verdeling tussen de grote bitcoin mining pools",
         "p1":"De onderstaande grafiek toont het marktaandeel van de meest populaire bitcoin mijnpools. Het kan alleen worden gebruikt als ruwe schatting en het is om verschillende redenen niet 100% exact.",
         "count":"Aantal",
         "warning":"Een groot aandeel onbekende blokken betekent niet dat er een aanval op het netwerk is, maar gewoon dat we er niet in zijn geslaagd om de oorsprong te bepalen.",
         "header":"Hashsnelheid Distributie",
         "title":"Bitcoin Hashsnelheid Distributie - Blockchain.info",
         "relayed_by":"Doorgestuurd door"
      },
      "block_height":{
         "summary":"Samenvatting",
         "block_reward":"Blokbeloning",
         "received_time":"Tijdstip van Ontvangst",
         "merkle_root":"Merkle Wortel",
         "estimated_transaction_volume":"Geschat Transactievolume",
         "relayed_by":"Doorgestuurd door",
         "error_fetching_blocks":"Onbekende fout bij het ophalen van Blokken uit de Database",
         "sub_header":"Blokken op diepte {0} in de bitcoin blokketen",
         "difficulty":"Moeilijkheidsgraad",
         "meta_description":"Bitcoin blokken op hoogte {0} in de bitcoin blokketen",
         "previous_block":"Vorige blok",
         "size":"Grootte",
         "output_total":"Totale output",
         "next_blocks":"Volgende Blokken",
         "header":"Blokken op Hoogte {0}",
         "hash":"Hash",
         "no_blocks":"Geen Blokken gevonden op deze hoogte"
      },
      "redirect_page":{
         
      },
      "connected_nodes":{
         "sub_header":"Lijst van knooppunten die met blockchain.info verbonden zijn",
         "header":"Verbonden Knooppunten",
         "location":"Locatie",
         "title":"Lijst van met Bitcoin verbonden knooppunten"
      },
      "about_us":{
         "sub_header":"Wie zijn wij en wat doen we?",
         "availability_p1":" Wij streven naar 99,5% uptime, maar deze dienst wordt geleverd op een best effort basis. Als er geplande onderhoud is zullen we gebruikers dit laten weten per e-mail.",
         "company_footer":"Blockchain.info is eigendom van en wordt geëxploiteerd door Qkos Services Ltd geregistreerd in het Verenigd Koninkrijk onder ondernemingsnummer 05106799",
         "up_time_alt":"Uptime van Blockchain.info: Laatste 30 dagen",
         "security_p1":"Ons veiligheidsbeleid is om zo weinig mogelijk gegevens op te slaan die in het geval van een inbreuk de beveiliging van onze gebruikers kunnen beïnvloeden. Met onze 'Mijn Portemonnee' service zijn wij niet in het bezit van wachtwoorden of persoonlijk identificerende informatie en kunnen wij deze ook niet onderscheppen. Alle portemonnee gegevens worden alleen opgeslagen in versleutelde vorm. Blockchain.info draait op particuliere dedicated hardware die alleen kan worden geopend door de beheerder van deze site. Wij voeren regelmatig veiligheidsinspecties van zowel onze code en servers uit, waaronder het scannen van onze site met behulp van nmap om vroegtijdig mogelijke kwetsbaarheden op te sporen. De site is veilig toegankelijk met https:\/\/ geverifieerd door GoDaddy.",
         "about_p1":"Blockchain.info is de meest populaire bitcoin portemonnee en blokexplorer. Vanaf januari 2013 heeft de site meer dan 110.000 gebruikers.",
         "response_time_alt":"Reactietijd van Blockchain.info: Laatste 30 dagen",
         "up_time":"Uptime",
         "contact_us":"Neem contact met ons op",
         "view_website_status":"Bekijk Website Status",
         "disclaimer":"Voorwaarden",
         "privacy_p1":"Geen toegangslogs worden bewaard voor een bezoek aan deze website met uitzondering van eenvoudige tellers. We registreren geen gegevens met betrekking tot transacties via 'Mijn Portemonnee' of bitcoin adressen gebruikt in mijn portemonnee. Elk e-mailadres, Skype-naam of andere persoonlijke gegevens zullen niet worden gedeeld met enige andere derde partij of adverteerders."
      },
      "stats":{
         "meta_description":"Meer dan 100 verschillende bitcoin markt en netwerk statistieken. Aantal knooppunten, transactievolume, moeilijkheidsgraad van mijnen en nog veel meer.",
         "notice2":"Voor de schatting van de winstmarge worden de hardware kosten geschat op 1000 dollar per gigahash om de 2 jaar, en de bandbreedte op 1 dollar per gigahash per jaar.",
         "notice1":"Het elektriciteitsverbruik is geschat op basis van een stroomverbruik van 650 Watt per gigahash en elektriciteitsprijs van 15 cent per kilowattuur. In werkelijkheid zullen mijnwerkers meer of juist minder efficiënt zijn.",
         "period":"Alle statistieken zijn van de afgelopen 24 uur, tenzij anders vermeld",
         "table":{
            "mining_cost":"Mijnkosten",
            "hash_rate":"Hashsnelheid",
            "total_output_volume":"Totaal Eindpunt Volume",
            "total_miners_revenue":"Totaal Mijninkomsten",
            "mining_profits":"Mijnwinst",
            "minutes":"minuten",
            "total_market_cap":"Totale Marktkapitalisatie",
            "estimated_transaction_volume":"Geschat Transactievolume",
            "difficulty":"Moeilijkheidsgraad",
            "percent_of_transaction_volume":"% van het transactievolume",
            "operating_profit":"Operationele winst",
            "electricity_cost":"Elektriciteitskosten",
            "electricity_consumption":"Elektriciteitsverbruik",
            "blocks_mined":"Gemijnde blokken",
            "bitcoins_mined":"Bitcoins Gemijnd",
            "hash_rate_electricity":"Hashsnelheid en Elektriciteitsverbruik"
         }
      },
      "payment_request":{
         "p1":"Gebruik dit formulier om iemand te vragen u Bitcoins te sturen of gewoon om mensen te laten zien dat u een bitcoinadres heeft.",
         "title":"Betalingsverzoek {0}"
      },
      "double_spends":{
         "sub_header":"Dubbele uitgaves gedetecteerd in de laatste 500.000 transacties (10 Minuten Cache)",
         "header":"Dubbele uitgave",
         "warning":"Dubbele uitgaves op deze pagina kunnen onbedoeld zijn. In het geval dat een dubbele uitgave kwaadwillig vervaardigd is en vermeld op deze pagina wil dit nog niet zeggen dat het succesvol was en dat een handelaar of gebruiker bitcoins verloren heeft als gevolg.",
         "title":"Bitcoin Dubbele uitgaves - Blockchain.info"
      },
      "api_index":{
         "view_documentation":"Laat documentatie zien",
         "requests_in_8_hours":"Verzoeken per 8 uur:",
         "no_account_required":"Geen account vereist",
         "abuse_notice":"Diensten verleend door blockchain.info zijn gratis. Maak hier geen misbruik van.",
         "blockchain_data":"Gegevens over Transacties & Blokken",
         "contact_us":"Neem contact met ons op",
         "request_api_code":"Vraag Een API Code Aan",
         "bitpay_description":"Blockchain raadt Bitpay aan - de wereldleider in zakelijke Bitcoin oplossingen. Bitpay biedt een complete betalings-oplossing aan om bitcoins automatisch om te zetten naar een lokale valuta en zorgt voor de integratie met een groot aantal verschillende e-commerce softwarepaketten.",
         "wallet_api":"Blockchain Portemonnee API&#39;s",
         "create_wallet_description":"Programmatisch portemonnees voor uw gebruikers aanmaken met de mogelijkheid fondsen te laden en te verzilveren.",
         "soft_limit":"Zacht Limit",
         "request_limits":"Verzoek Limieten",
         "request_limits_p1":"Voor een API code om de limieten te omzeilen, neem contact op via",
         "account_required":"Mijn Portemonnee-account vereist",
         "simple_query_api_description":"Eenvoudige plain text API voor het opvragen van gegevens uit de blokketen. Compatibel met",
         "blockchain_wallet_api_description":"API voor het verzenden en ontvangen van betalingen van een Blockchain portemonnee account",
         "complete_merchant_solution":"Complete oplossing voor winkeliers.",
         "hard_limit":"Hard Limiet",
         "charts_and_statistics_description":"JSON feed die de gegevens van de grafieken en statistieken bevat.",
         "exchange_rates_data":"Valuta gegevens van de grote bitcoin beurzen.",
         "receive_payments_description":"Een ongelooflijk eenvoudige methode voor websites om Bitcoin betalingen te ontvangen.",
         "create_wallet":"Maak Portemonnee",
         "data_api_description":"Query JSON data over blokken en transacties. Bijna alle gegevens die u ziet op deze website zijn beschikbaar in JSON formaat.",
         "third_party_apis":"API's van derde partijen",
         "requests_in_5_minutes":"Verzoeken per 5 minuten:",
         "send_description":"Eenvoudige JSON API te gebruiken om programmatisch Bitcoins te verzenden en te ontvangen van een Mijn Portemonnee account.",
         "websocket_description":"Low latency streaming socket kanaal voor het verstrekken van gegevens over nieuwe blokken en transacties. U kunt zich abonneren op kennisgeving over blokken, transacties of een adres en ontvangt JSON objecten die een transactie of nieuw blok beschrijven wanneer een gebeurtenis plaatsvindt.",
         "up_time":"Uptime",
         "welcome_p1":"Hier vindt u alles wat u nodig hebt om te beginnen met programmeren voor Bitcoin. U kunt gebruik maken van Blockchain.info's eigen API of",
         "up_time_description":"Blockchain.info maakt gebruik van een high availability databank cluster en dedicated hardware voor maximale uptime en lage responstijden.",
         "welcome_p2":"die door andere diensten aangeboden worden.",
         "json_rpc_description":"Blockchain.info is in staat om te functioneren als een bitcoind RPC-server voor handelaren om te communiceren met hun Mijn Portemonnee account."
      },
      "block":{
         "no_block_index":"Geen blok index",
         "meta_description":"Transacties bewaard in bitcoin blok",
         "summary_table":{
            "difficulty":"Moeilijkheidsgraad",
            "main_chain":"Hoofdblokketen",
            "block_reward":"Blokbeloning",
            "received_time":"Ontvangsttijd",
            "output_title":"Totale Output",
            "title":"Samenvatting",
            "estimated_transaction_volume":"Geschat Transactievolume",
            "relayed_by":"Doorgestuurd door",
            "timestamp":"Tijdstip"
         },
         "hash_table":{
            "previous_block":"Vorige blok(ken)",
            "next_block":"Volgende Blok(ken)",
            "merkle_root":"Merkle Wortel",
            "hash":"Hash"
         },
         "header":"Blok",
         "network_propagation":"Netwerk Propagatie",
         "transactions_sub_header":"Transacties in dit blok",
         "title":"Bitcoin Blok # {0}"
      },
      "startup_message":{
         "p1":"Zou terug moeten zijn in een paar seconden. Er zijn misschien zelfs nieuwe functies."
      },
      "translations_page":{
         "p1":"Blockchain.info is nu beschikbaar in 16 verschillende talen. Echter, de vertaling is in eerste instantie gedaan door een computer, en we hebben uw hulp nodig om betere vertalingen te bieden.",
         "p2":"Als u bekend bent met {0} en {1}, volg dan de onderstaande instructies:",
         "steps":{
            "fork":"Fork",
            "pull_request":"Pull Request",
            "_2":"Kloon de nieuwe fork van het vertalingen project.",
            "_3":"Download een goede JSON-editor. Wij raden \"Sublime Text 2\" aan. Deze is gratis beschikbaar voor Windows, Mac en Linux.",
            "_4":"Open de bestanden auto_{uw_taal}.json en {uw_taal}.json naast elkaar.",
            "_5":"Alle zinnen in het automatisch gegenereerde bestand die niet goed zijn moet u kopiëren naar het andere bestand en de fouten erin corrigeren.",
            "_6":"De JSON structuur moet identiek zijn in beide bestanden, verander vooral de keys niet.",
            "_7":"Als u klaar bent met de wijzigingen slaat u deze op en maakt u een {0}.",
            "_8":"Vermeld uw Bitcoin adres voor een premie of vermeld een link als u liever een link op de homepage naar uw eigen website heeft."
         }
      },
      "relayed_by":{
         "count":"Aantal",
         "warning":"Deze IP-adressen waren de eerste die een bepaalde transactie doorstuurden van het geselecteerde adres. Het hoeft niet per sé zeggen dat ze ook de eigenaar van de transactie zijn."
      },
      "ip_log":{
         "sub_header":"Lijst van Bitcoin knooppunten waarmee Blockchain.info verbonden is geweest in het verleden.",
         "previous":"Vorige",
         "last_connected":"Laatst Verbonden"
      },
      "push_tx":{
         "p1":"Op deze pagina kunt u een ruwe transactie in hexformaat plakken (dat wil zeggen de tekens 0-9, en A-F) en deze uitzenden over het Bitcoin netwerk.",
         "header":"Transactie uitzenden",
         "title":"Indienen Transacties - Blockchain.info",
         "check_tx_warning":"<b>Tip:<\/b> Controleer uw transactie vóór uitzending met het {0} Decodeer Ruwe Transactie hulpmiddel {1}"
      },
      "ads":{
         "bitinstant":{
            "body":"Koop met Geld",
            "title":"Wat is de noodzaak van Bitcoins?"
         }
      },
      "propagation":{
         "summary":"Samenvatting",
         "sub_header":"Toont de verdeling van een transactie of blok over het gehele netwerk",
         "first_seen":"Eerst Gezien",
         "last_seen":"Laatst Gezien",
         "mining_pools":"Mijnpools",
         "first_relayed":"Eerst Doorgestuurd",
         "header":"Netwerk Propagatie",
         "probable_owner":"Waarschijnlijke Eigenaar",
         "title":"Bitcoin Netwerk Propagatie - Blockchain.info",
         "total_relayed":"Totaal Doorgestuurd",
         "node_list_sub":"Alle nodes die dit inventarisitem hebben doorgegeven"
      },
      "deposit":{
         "order_error":"Er is een fout opgetreden bij het verwerken van de betaling, of de gebruiker heeft de betaling geannuleerd. Er zal geen geld worden afgeschreven. U kunt nu dit venster sluiten.",
         "order_reference":"Bestellingsnummer",
         "amount_help":"Voer het te kopen bedrag in {0}.",
         "deposit_processed":"Uw storting van {0} is verwerkt. Bedankt {1}",
         "powered_by":"Verzorgd door",
         "fee":"{0} % Kosten",
         "to_address":"Adres:",
         "order_success":"Uw bestelling is succesvol afgerond. Uw bitcoins zullen spoedig verzonden worden. Als u uw bestelling niet ontvangt of u andere vragen heeft, neem dan contact met ons op.",
         "sofort_instructions":"Betalingen dienen te geschieden via een directe bankoverschrijving.",
         "anonymous_help":"De Bitcoins zullen worden verzonden via onze mixer voor betere privacy (1,5% kosten).",
         "sort_code":"Sorteer Code",
         "order_paid":"Bedankt voor de betalingsbevestiging. Betalingen duren doorgaans tussen 1 minuut en 4 uur om bevestigd te worden. Een SMS zal na verwerking worden verzonden. Als u uw bestelling niet ontvangt of u andere vragen heeft, neem dan contact met ons op.",
         "pingit_instructions_1":"Stuur de betaling van {0} naar {1} met behulp van referentie-{2}. Controleer de gegevens goed.",
         "shared_help":"De bitcoins worden verzonden via een gedeelte portemonnee om de privacy te verbeteren (0,5% kosten)",
         "depsit_with_cash":"Stort met geld",
         "depsit_with_cash_description":"Meer dan 700.000 Geldstortingslocaties wereldwijd",
         "sms_p1":" Met het oog op Bitcoins storten via sms of vaste telefoon kunt u hieronder uw mobiele telefoonnummer verifiëren. Na verificatie kan de daadwerkelijke aankoop worden gemaakt van een ander telefoonnummer of vaste telefoon.",
         "please_verify":"Om onze {0} storting service te gebruiken moet u uw GSM-nummer verifiëren.",
         "make_anonymous":"Maak anoniem?",
         "small_package":"Klein Pakket",
         "uk_bank_p1":"Vul de gegevens van de rekeninghouder in",
         "pingit_p1":"Om onze {0} storting service te gebruiken moet u uw GSM-nummer verifiëren. Indien u nog geen PingIt account heeft, is deze eenvoudig aan te maken en kan de app worden gedownload van de App Store op uw smartphone.",
         "payment_method":"Betaalmethode:",
         "uk_bank_p2":"Controleer de onderstaande gegevens"
      },
      "header":{
         "charts_title":"Bitcoin Grafieken",
         "developer_title":"Blockchain Ontwikkelaars Gereedschap",
         "charts":"Grafieken",
         "wallet_title":"Bitcoin Portemonnee",
         "logo_alt_title":"Bitcoin blokexplorer en valuta statistieken",
         "home":"Home"
      },
      "errors":{
         "invalid_bitcoin_adddress":"Ongeldig Bitcoin Adres",
         "missing_parameter":"Missende Parameter",
         "invalid_block_hash":"Ongeldige blokhash",
         "invalid_format_type":"Ongeldige Formaat Type"
      },
      "notifications":{
         "wallet_login":"Portemonnee Inloggen",
         "malformed_url":"Er is geprobeerd een e-mailalert te sturen naar een misvormde URL. Notificaties zijn uitgeschakeld.",
         "confirmation_code_title":"Mijn portemonnee Bevestigingscode",
         "two_factor_reset_title":"Dubbele Authenticatie Reset",
         "notifications_limit":"Betaling Notificatielimiet",
         "password_hints_title":"Mijn Portemonnee Wachtwoord Hints",
         "notifications_limit_body":"U heeft de notificatielimiet bereikt. Notificaties zijn uitgeschakeld voor 24 uur",
         "account_locked_title":"Uw Mijn portemonnee account is vergrendeld",
         "payment_sent_body":"Er is vanaf uw Bitcoinportemonnee een betaling verzonden ter waarde van {0} (Ong.: {1})",
         "sms_authentication_code":"Mijn Portemonnee Authenticatiecode: {0}",
         "payment_received_body":"U heeft een bitcoin betaling ontvangen ter waarde van {0} (Ong.: {1})"
      },
      "ip_info":{
         
      },
      "unconfirmed":{
         "summary":"Samenvatting",
         "sub_header":"Actuele lijst van nieuwe bitcoin transacties",
         "total_fees":"Totaal aan Kosten"
      },
      "wallet_new":{
         "password_strength_p1":"Wij vragen een wachtwoord van tenminste 10 tekens lang om ervoor te zorgen dat zelfs als onze database in verkeerde handen valt uw portemonnee goed gesloten zal blijven. Een wachtwoord 10 tekens lang duurt meer dan 1000 jaar om te kraken.",
         "dont_forget_password":"Vergeet uw wachtwoord niet!",
         "anonymity_policy":"Anonimiteitsbeleid",
         "fav_recommendation":"Het is raadzaam deze nu toe te voegen aan uw favorieten.",
         "title":"Mijn Portemonnee",
         "mnemonic_please_write_down":"Noteer het volgende:",
         "mnemonic_modal_p1":"Uw portemonnee is succesvol aangemaakt. Als u het wachtwoord vergeet kan het ezelsbruggetje hieronder gebruikt worden om het terug te krijgen.",
         "mnemonic_modal_p2":"Zonder de ezelsbruggetje kunnen we niet helpen bij het herstellen van vergeten wachtwoorden en zal dat resulteren in <b>verlies van al uw Bitcoins!.<\/b>",
         "please_read":"Lees alstublieft onze {0}.",
         "alias_placeholder":"Makkelijk te onthouden woord of bijnaam",
         "continue_btn":"Verder Gaan",
         "disclaimer":"Voorwaarden",
         "dont_forget_password_p1":"WAARSCHUWING: Vergeten wachtwoorden kunnen niet teruggehaald worden en dat zal resulteren in het <b>verlies van al uw Bitcoins!<\/b>",
         "header1":"Maak een nieuwe portemonnee.",
         "mnemonic_modal_title":"Ezelsbruggetje om uw wachtwoord terug te halen",
         "wallet_created":"Nieuwe Portemonnee Aangemaakt!",
         "optional":"Optioneel",
         "wallet_created_p1":"Uw nieuwe online portemonnee is succesvol aangemaakt. Het is belangrijk dat u zowel uw portemonnee identificatie als uw wachtwoord veilig bewaart. We zijn alleen in staat om te helpen verloren portemonnee identificatie te herstellen als u ons een geldig e-mailadres gegeven heeft. Wij zijn niet in staat om te helpen verloren wachtwoorden te herstellen!",
         "sub_header1":"Kies een veilig wachtwoord en druk op Verder Gaan.",
         "alias_sub":"U kunt kiezen voor een alias voor uw portemonnee waarmee u kunt inloggen in plaats van met een id.",
         "email_sub":"Als u wilt dat wij u per e-mail een link naar uw nieuwe portemonnee sturen vul dan hieronder uw e-mailadres in.",
         "proceed_to_login":"Ga verder om in te loggen",
         "existing_account":"Als u al een Mijn Portemonnee account {0}",
         "restore_link_title":"U kunt deze portemonnee op elk moment herstellen door een bezoek aan:",
         "alias_help_block":"Een alias of shortlink kan helpen uw portemonnee te lokaliseren."
      },
      "decode_tx":{
         "p1":"Deze pagina zal een ruwe transactie in hexformaat decoderen (dat wil zeggen de tekens 0-9, en A-F) en weergeven in een leesbare vorm",
         "header":"Decodeer Ruwe Transactie",
         "title":"Decodeer Bitcoin Transactie - Blockchain.info"
      },
      "wallet_app":{
         "nav":{
            "home":"Portemonnee Startpagina"
         },
         "transactions":{
            "no_transactions":"Normaal gesproken zouden uw Bitcoin-transacties hier worden vermeld, maar u heeft er nog geen."
         },
         "loading":"Laden",
         "title":"Mijn Portemonnee",
         "import_export":{
            "import_wallet_formats":{
               "aes":"AES gecodeerde back-up van blockchain.info. (Moet worden gecodeerd met hetzelfde wachtwoord)"
            },
            "export_p1":"Hieronder vindt u uw private keys met AES versleuteld.",
            "import_wallet_p1":"U kunt private keys in verschillende formaten raadplegen.",
            "import_paper_title":"Importeren met behulp van papieren portemonnee",
            "export_unencrypted_p1":"Hieronder vindt u uw private keys in JSON formaat. Waarschuwing! Deze data moet worden versleuteld om het veilig te houden.",
            "import_private_key_p1":"Hieronder Importeert u een bestaande private key. Alle private key formaten worden ondersteund.",
            "watch_only_p1":"U kunt een {0} Bitcoin-adres toevoegen aan uw portemonnee. U zult niet in staat om Bitcoins versturen vanaf dit adres zonder de private key te verstrekken",
            "desktop_sync_step2_further_instructions":"Start de Bitcoin toepassing zodra u het bestand hebt gewijzigd. Voor meer informatie over de bitcoin RPC-interface kunt u {0} raadplegen",
            "import_paper_btn":"Scan Met de Webcam",
            "watch_only_title":"Voeg alleen kijken bitcoin adres toe",
            "export_encrypted":"Exporteer Gecodeerd",
            "export_unencrypted_title":"Exporteer niet versleuteld",
            "installed_refresh_page":" Vernieuw deze pagina na voltooiing installatie.",
            "paper_wallet":"Papieren Portemonnee",
            "advanced_warning_title":"Waarschuwing, Geavanceerd!",
            "desktop_sync_step2_p1":" Om uw browser te laten praten met uw desktop-client moet u de bitcoin RPC-server aanzetten in het bitcoin.conf bestand. Als het bestand niet bestaat moet u deze zelf aanmaken. Bijvoorbeeld:",
            "brain_wallet_p2":"De minimale wachtwoordzin lengte is 15 tekens. Het wordt zeer aanbevolen dat u nog regelmatig back-ups maakt van uw portemonnee, zelfs met de wachtwoordzin opgeslagen.",
            "brain_wallet_p1":"Een Brain Wallet is een private key gegenereerd van een goed te onthouden wachtwoordzin. Het is mogelijk om deze wachtwoordzin te onthouden om de portemonnee mee te herstellen zonder een portemonnee back-up.",
            "watch_only_btn":"Voeg alleen kijken adres toe",
            "rpc":{
               "password_help":"Als uw Bitcoin-Qt Portemonnee is gecodeerd moet u hier het wachtwoord invoeren."
            },
            "import_private_key_btn":"Voeg Private Key toe",
            "brain_wallet_title":"Brein Portemonnee",
            "desktop_sync_change_password":"Wijzig gebruikersnaam en wachtwoord in een \u200B\u200B waarde van uw eigen keuze.",
            "desktop_sync_p1":"Deze tool stelt u in staat om uw portemonnee te synchroniseren met de officiële desktop client die beschikbaar is vanaf bitcoin.org.",
            "desktop_sync_step1":"Stap 1. Installeer de Browser Extensie",
            "import_textarea_placeholder":"Kopieer en plak uw portemonnee gegevens in dit veld",
            "desktop_sync_step2":"Stap 2. Schakel Bitcoin RPC in",
            "import_wallet_btn":"Importeer portemonnee",
            "import_private_key_title":"Private Key Importeren",
            "import_backup_table":{
               
            },
            "export_unencrypted":"Exporteer onversleuteld",
            "advanced_warning_sub":"In dit gedeelte kunt u wijzigingen aanbrengen aan uw portemonnee die gecompliceerd en verwarrend kunnen zijn. Het is raadzaam alleen verder te gaan als u een ervaren Bitcoin gebruiker bent. U moet beschikken over een goed begrip van wat private keys zijn en hoe zij betrekking hebben op Bitcoinadressen.",
            "leave_encrypted":"Houd Private Keys Gecodeerd",
            "import_wallet_title":"Importeer portemonnee",
            "import_keys_limit":"Houd er rekening mee dat er momenteel een limiet is van 400 private keys per portemonnee. Let op, voor Portemonnees met veel private keys kan uw browser een paar minuten lang niet reageren."
         },
         "login":{
            "yubikey_help":"Selecteer het tekstvak hierboven en druk op het groene LED-lampje op uw Yubikey.",
            "identifier":"Identificatie:",
            "lost_two_factor_title":"Verloren Dubbele authenticatie Details.",
            "google_authenticator":"Google Authenticator:",
            "two_factor_reset":"Dubbele Authenticatie Reset",
            "resend_link_p1":"Controleer uw spam map. Als u de mail nog steeds niet kunt vinden kunt u op de knop klikken om het bericht opnieuw te versturen.",
            "sms_code_help":"Een SMS-bericht is verzonden naar uw mobiele telefoon. Voer de code in dat bericht hierboven in.",
            "resend_sms_link_p1":"Controleer uw netwerksignaal. Het kan maximaal 10 minuten duren voor uw berichten worden afgeleverd. Klik als het langer dan 10 minuten geduurd heeft op de onderstaande knop om het bericht opnieuw te verzenden.",
            "lost_two_factor":"Bent u uw dubbele authenticatie details verloren of vergeten?",
            "lost_two_factor_btn":"Reset dubbele authenticatie",
            "resend_link_btn":"Opnieuw verzenden link",
            "lost_password_p1":"Uw portemonnee is versleuteld door uw browser voordat deze ons bereikt, en om deze reden zijn we niet in staat om te helpen verloren wachtwoorden te herstellen. Om mogelijk geldverlies te voorkomen als gevolg van vergeten wachtwoorden is het raadzaam een papieren back-up van de private keys van uw portemonnee te maken.",
            "lost_two_factor_p1":"Als u de dubbele authenticatie gegevens van uw portemonnee verloren bent  is er in principe niets aan de hand. Alles wat we nodig hebben is redelijk bewijs dat u de eigenaar bent van het account. Dit bewijs kan worden verstrekt door het invullen van het formulier hieronder.",
            "forgotten_identifier_btn":"Identifier Vergeten",
            "lost_identifier_p1":" Als u uw portemonnee identificatie verloren bent, controleer dan eerst de bevestigingsmail die u heeft ontvangen tijdens het aanmelden. Kunt u de e-mail niet vinden? Klik dan op onderstaande knop en wij sturen u een nieuw exemplaar.",
            "resend_sms_link_btn":"Verzend Bericht Opnieuw",
            "google_authenticator_help":"Open uw Google Authenticator-app en voer de weergegeven code in.",
            "resend_link_title":"Kunt u uw e-code niet vinden?",
            "password_unrecoverable_warning":"Uw wachtwoord wordt nooit gedeeld met onze servers en kan niet worden hersteld als u het vergeet!"
         },
         "account_settings":{
            "email_verification_description":"Een e-mail is nodig om een \u200B\u200Bverloren portemonnee te herstellen en voor de meldingen van betalingen.",
            "security_warning_sub":"Accountinstellingen bevat gevoelige gegevens die niet getoond moeten worden aan andere mensen. Het wordt aanbevolen dat u dit gedeelte van de site niet opent in openbare plaatsen, of screenshots maakt.",
            "example_password":"Als uw wachtwoord was: paardbatterijnietje zou een goede wachtwoord hint zijn: Elektrisch paard?",
            "two_factor_authentication":"Dubbele authenticatie",
            "main_password":"Hoofd Wachtwoord",
            "my_wallet_verifier":"Mijn Portemonnee Verificatie",
            "two_factor_authentication_description":"Dubbele authenticatie voegt een extra beveiligingslaag toe aan uw wachtwoord.",
            "http_notifications":"HTTP notificaties",
            "google_authenticator_warning":"U kunt misschien uitgesloten worden van uw account als u deze pagina verlaat zonder uw account te koppelen met de mobiele app of het uitschakelen van Google Authenticator.",
            "yubikey_description":"U kunt uw sleutel koppelen aan uw account door hieronder het tekstvak te selecteren en te drukken op de groene LED-knop op uw Yubikey apparaat.",
            "html5_notifications":"HTML 5 notificaties",
            "password_mnemonic_description":"Wachtwoord ezelsbruggetjes kunnen worden gebruikt om uw portemonnee wachtwoord te herstellen als u deze vergeten bent. Zonder de ezelsbruggetje is er geen manier waarop we u kunnen helpen bij het herstellen van een vergeten wachtwoord. Bij het wijzigen van wachtwoorden van de portemonnee verandert het ezelsbruggetje.",
            "password_mnemonic":"Wachtwoord ezelsbruggetje",
            "disable_double_encryption":"Schakel dubbele encryptie uit",
            "resend_link":"Verzend link opnieuw",
            "security_warning_continue":"Verder gaan",
            "integrity_check_run":"Voer controle uit",
            "fee_policy_low_description":"Een vergoeding voor de Mijners wordt niet toegevoegd tenzij absoluut noodzakelijk.",
            "logging_deletion":"Het veranderen van het log niveau verwijdert geen bestaande logbestanden. Logs vervallen na 2 weken.",
            "notifications_when_both":"Verzend of ontvang Bitcoins",
            "nav":{
               "display":"Weergave",
               "logging":"Loggen",
               "notifications":"Notificaties"
            },
            "device_pairing_description":"Scan de code met uw iPhone of Android-toestel om het te koppelen aan uw account.",
            "fee_policy_low":"Laag",
            "optional":"Optioneel",
            "restrict_to_ip_description":"Schakel dit in om de toegang tot uw portemonnee te beperken \u200B\u200B tot een specifiek IP-adres of meerdere IP-adressen door komma's gescheiden. Dit is alleen mogelijk als u een statisch IP-adres heeft. U zult niet in staat zijn om in te loggen of API's toegang te geven vanaf een computer die niet op het opgegeven netwerk zit, maar mobiele apps zullen blijven functioneren als ze eenmaal gekoppeld zijn.",
            "language_description":"Stel de gewenste taal hieronder in",
            "secret_phrase_description":"Een geheime zin kan worden gebruikt om ons te helpen uw identiteit te verifiëren in het geval van een verloren portemonnee identificatie of Yubikey. Het kan een enkel woord zijn of een zin van maximaal 255 tekens.",
            "inactivity_logout_description":"Standaard wordt u automatisch afgemeld bij uw portemonnee na 10 minuten inactiviteit. U kunt de time-outperiode hieronder instellen.",
            "logging_level":"Log Niveau",
            "secret_phrase":"Geheime wachtwoord zin",
            "never_remember_two_factor_description":"Standaard zal uw browser na het inloggen met dubbele authenticatie voor een korte periode dit onthouden zonder dat opnieuw ingelogd hoeft te wordt. Vink dit vakje aan als u dit gedrag uit wilt schakelen en elke keer een volledige login vereist.",
            "two_factor_authentication_not_enabled":"Dubbele authenticatie is niet ingeschakeld op uw account",
            "email_notifications":"E-mailnotificaties",
            "current_ip":"Huidig IP:",
            "notifications":"Notificaties",
            "show_hide_password_mnemonic":"Toon \/ Verberg Wachtwoord geheugensteuntje",
            "password_notice":"Uw wachtwoord wordt nooit gedeeld met onze servers in welke vorm dan ook. Dit betekent dat uw portemonnee nog steeds veilig zou moeten zijn in het geval onze servers zijn aangetast. Maar het betekent wel dat er geen functionaliteit is om uw wachtwoord te resetten.",
            "automatic_email_backups_description":"Vink dit aan om een \u200B\u200Bnieuwe back-up automatisch te ontvangen als u uw portemonnee bijwerkt:",
            "skype_description":"U ontvangt meldingen via Skype naar de onderstaande gebruikersnaam:",
            "fee_policy_description":"Blockchain.info transacties zijn gratis. Echter, voor het Bitcoin-netwerk zijn mogelijk extra kosten voor de Mijners nodig die de snelheid waarmee uw transacties worden geverifieerd verhoogt en helpt bij het ondersteunen van het netwerk. Onder instellingen kunt u het standaard kostenbeleid wijzigen.",
            "logging_full":"Log uw acties met IP-adres en User Agent",
            "fee_policy_high":"Hoog",
            "notifications_when":"Als mijn portemonnee",
            "show_hide_pairing_code":"Toon \/ Verberg koppelcode.",
            "double_encryption_enabled":"Dubbele encryptie is ingeschakeld. Een tweede wachtwoord wordt vereist voordat u bitcoins kunt verzenden.",
            "local_currency_description":"U kunt snel overschakelen tussen Bitcoins en uw lokale valuta door te klikken op uw saldo in de rechterbovenhoek.",
            "second_password_description":"U kunt desgewenst een tweede wachtwoord instellen dat vereist zal zijn als u geld verzendt vanaf uw rekening. Voor grote Portemonnees kan het zijn dat uw browser een paar minuten lang niet meer reageert bij het veranderen van deze optie.",
            "never_remember_two_factor":"Onthoud de dubbele authenticatie nooit",
            "password_hints_description":"Als u uw wachtwoord(en) vergeet, kunnen hints nuttig zijn om u te helpen het te herinneren. Als er een e-mailadres is gekoppeld aan uw account, kunnen hints naar u gemaild worden. Als er geen e-mailadres is gekoppeld aan uw account, zijn hints beschikbaar voor iedereen die uw portemonnee-id weet.",
            "fee_policy_normal_description":"Volg het kostenbeleid voorgesteld door de primaire bitcoin client.",
            "mobile_number_description":"Voer hieronder uw mobiele telefoonnummer in. Internationale SMS-berichten zijn soms onbetrouwbaar en zijn mogelijk niet beschikbaar voor bepaalde landen en netwerken.",
            "enable_double_encryption":"Dubbele encryptie inschakelen",
            "email_not_verified":"E-mail niet geverifieerd",
            "alias_placeholder":"Een bijnaam of ander makkelijk te onthouden woord",
            "integrity_check_description":"Controleert of alle adressen in uw portemonnee overeenkomen met de juiste bitcoin adressen en hercodeert uw portemonnee. Dit kan lang duren in sommige browsers.",
            "notifications_description":"Optionele meldingen ontvangen wanneer een betaling wordt verzonden of ontvangen vanaf uw portemonnee.",
            "update_main_password":"Verander hoofdwachtwoord",
            "sms_verified":"geverifieerd per SMS",
            "alias_description":"Een alias is korte link die gebruikt kan worden voor snelle toegang tot uw account zonder dat u een lang adres hoeft te onthouden",
            "transactions_per_page_description":"Stel het aantal transacties per pagina getoond in",
            "my_wallet_verifier_description":"Als u zich zorgen maakt over de veiligheid van uw portemonnee raden we u de {0} browser extensie aan. De 'My Wallet verificator' kan helpen beschermen tegen server-side hackers, kwaadaardige javascript en phishing-aanvallen.",
            "device_pairing":"Apparaatkoppeling",
            "html5_notifications_p1":"HTML 5 notificaties verschillen van reguliere pop-ups omdat deze laatsten alleen met toestemming van de gebruiker kunnen worden getoond. Momenteel werkt deze functie in Chrome & Safari.",
            "logging_level_description":"Het logniveau bepaalt welke gegevens worden geregistreerd wanneer u acties uitvoert met uw portemonnee. Standaard is het log uitgeschakeld, afgezien van adminhandelingen. Het inschakelen van het log biedt een betere beveiliging door het verstrekken van meer informatie over potentiële onbevoegde toegang tot uw portemonnee, maar hiervoor wordt wel wat privacy opgeofferd.",
            "forgot_password_warning_p2":"Elke keer als u uw wachtwoord vergeet zal u uw portemonnee niet kunnen bereiken. Er is geen wachtwoord herstel-proces!",
            "http_notifications_p1":"HTTP Notificaties zullen worden verzonden wanneer transacties worden verzonden of ontvangen. Zie de ontwikkelaars sectie voor een handleiding voor de uitvoering van de callback.",
            "restrict_to_ip":"Te beperken tot IP",
            "main_password_hint":"Eerste wachtwoordhint:",
            "email_notifications_description":"U ontvangt meldingen via e-mail. Bevestig uw e-mailadres als u dat nog niet gedaan hebt.",
            "fee_policy_high_description":"De kosten zullen gebruikt worden om ervoor te zorgen dat uw transacties hoge prioriteit hebben (0,001 BTC basiskosten).",
            "enter_sms_code":"Voer de code uit het SMS-bericht in.",
            "sub_header":"Wijzig uw accountinstellingen.",
            "never_remember":"Nooit Onthouden",
            "fee_policy_low_warning":"Transacties zullen aanzienlijk langzamer verwerkt worden",
            "fee_policy":"Standaard Kostenbeleid",
            "lock_to_ip":"Beperk tot dit IP:",
            "logging_hashed":"Log uw acties met gehashte IP-adressen",
            "enable_disable":"Inschakelen \/ Uitschakelen:"
         },
         "modals":{
            "outputs":"bestemmingen",
            "delete_private_key_only":"Verwijder alleen private key",
            "main_password":"Hoofd Wachtwoord",
            "label_help":"Een label wordt gebruikt om u te helpen herinneren waar dit adres voor is. Het kan bijvoorbeeld de naam van een persoon of bedrijf zijn.",
            "update_password":"Wachtwoord bewerken",
            "inputs":"Bronnen",
            "shared_coin_modal_title":"Gedeelde Transactie",
            "verify_message_placeholder":"Voer het te controleren bericht in",
            "scan_using_webcam":"Scannen met de Webcam",
            "sign_message":"Onderteken bericht",
            "please_check_details":"Vul hieronder de details in:",
            "shared_coin_in_progress_modal":"Transactie is aan de gang. Sluit dit venster of uw browser niet.",
            "sweep_keys_p1":"Vegen betekent alle beschikbare bitcoins van een of meer adressen naar een ander adres sturen. Kies een adres waar u de bitcoins van de geselecteerde adressen (Saldo {0}) heen wilt vegen.",
            "verify_signature_placeholder":"Voer de handtekening in om te verifiëren",
            "claim_p1":"Kies hieronder een van de opties om uw Bitcoins te claimen. Totdat u de bitcoins claimt kan de afzender de betaling ongedaan maken.",
            "transaction_information":"Transactie informatie",
            "password_change_p1":"Uw wachtwoord wordt onmiddellijk bijgewerkt. Zorg ervoor dat u een notitie van het nieuwe wachtwoord maakt, want het kan niet worden hersteld als u het vergeet! Als u een versleutelde back-up portemonnee heeft is het mogelijk deze te decoderen met behulp van uw oude wachtwoord, dus is het daarom raadzaam deze back-ups te verwijderen en nieuwe te maken.",
            "label_address_p1":"Geef een label voor adres {0}",
            "signing_please_wait":"Even geduld a.u.b.. Uw transacties worden ondertekend. Aantal {0} van {1} ...",
            "first_relayed":"Eerst doorgestuurde",
            "miners_fee_recommended_p1":"Deze transactie heeft een lage prioriteit. Het wordt aanbevolen dat u tenminste 0,0005 BTC aan transactiekosten meestuurt om ervoor te zorgen dat uw transactie snel verwerkt wordt.",
            "ask_for_anonymous_warning":"Niet accepteren als u verwacht bitcoins terug te ontvangen op het verzendende adres. Anonieme transacties niet te gebruiken met SatoshiDICE, BitLotto en vele andere bitcoin games.",
            "private_key_needed":"Private key vereist",
            "please_confirm":"Bevestig dat u wilt {0}",
            "miners_fee_recommended":"Mijners kosten aanbevolen",
            "watch_only_warning_p2":"Een {0}-adres betekent dat u alleen de transacties kunt bekijken op dit adres. Tenzij u de private key ergens anders opgeslagen heeft bent u niet de eigenaar van de bitcoins op dit adres.",
            "watch_only_warning_p3":"Als u niet beschikt over een papieren portemonnee of andere back-up moet u geen bitcoins opnemen naar dit adres en geen mensen bitcoins laten sturen.",
            "total_fees":"Totaal aan kosten",
            "watch_only_warning_p1":"U ontvangt deze waarschuwing omdat u een {0}-adres hebt gekopieerd naar het klembord.",
            "claim_to_desktop":"Voer het Bitcoin-adres van uw desktop-client in:",
            "message_placeholder":"Voer het bericht dat u wilt ondertekenen",
            "confirm_delete_warning":"Het verwijderen van een onjuist adres zal leiden tot financieel verlies. Als u niet zeker weet wat u aan het doen bent druk dan op annuleren",
            "shared_coin_transaction_error":"Er is een fout opgetreden bij het voltooien van deze gedeelde transactie. Kijk in uw Javascript console voor meer informatie.",
            "verify_message_p1":"Gebruik deze tool om te controleren of een bericht ondertekend is door de eigenaar van een bepaald bitcoin adres",
            "second_password_p1":"Deze actie vereist dat u uw tweede wachtwoord invoert om uw portemonnee volledig te decoderen. U moet uw tweede wachtwoord nooit invoeren op een niet-vertrouwde computer. Gebruik het schermtoetsenbord om wat bescherming tegen keyloggers te bieden.",
            "address_not_synced_p1":"Dit adres is nog niet opgeslagen op onze servers en kan misschien verloren gaan na het verlaten van deze pagina.",
            "confirm_delete_p1":"Weet u zeker dat u het adres wilt verwijderen? U zult niet langer in staat zijn om Bitcoins te sturen of ontvangen van en naar dit adres. Het saldo van dit adres is:",
            "total_output_value":"Totale bestemmingswaarde",
            "offline_instructions":"Om de transactie te voltooien opent u {0}. Kopieer en plak de tekst hieronder in het tekstveld en druk op de knop hieronder om de transactie te voltooien. <\/ P>",
            "label_make_public_help":"Standaard zijn adressenlabels alleen zichtbaar voor u. Publieke labels zijn zichtbaar voor iedereen op de blockchain website.",
            "total_relayed":"Totaal doorgestuurd",
            "hash":"Hash",
            "add_address_book_entry_placeholder":"Voer het Bitcoin-adres in dat u wilt toevoegen aan uw adresboek.",
            "add_watch_only_address_p3":"Als het verschil tussen een Bitcoin-adres en een private key u niet duidelijk is dan is dit waarschijnlijk niet de gewenste optie.",
            "verify_result":"Dit bericht werd ondertekend op adres {0}. <br \/> Is dit overeenkomstig met het adres dat u verwachtte?",
            "add_watch_only_address_p1":"Bevestig dat u het {0}-mailadres aan {1} toe wilt voegen.",
            "create_new_wallet":"Maak een nieuwe portemonnee",
            "leaving_wallet":"Verlaat de Portemonnee",
            "first_seen":"Als eerste gezien",
            "main_password_p1":"Deze actie vereist dat u opnieuw uw hoofdwachtwoord invoert. Gelieve zorgvuldig invoeren zodat u niet wordt uitgelogd.",
            "main_password_needed":"Hoofdwachtwoord nodig",
            "mining_pools":"Mijnpools",
            "save":"Opslaan",
            "compressed_private_key_p1":"Gecomprimeerde Private Keys worden momenteel niet ondersteund door de Android-app, iPhone-app of Merchant API. Als u een gecomprimeerde private key importeert zult u niet in staat zijn om de bitcoins op dat adres te besteden met behulp van de eerder genoemde apparaten.",
            "enter_manually":"Voer handmatig in",
            "compressed_private_key_p2":"De aanbevolen oplossing is om de fondsen te vegen naar een bestaand bitcoin adres. Wilt u in plaats daarvan deze Private Key vegen?",
            "enter_private_key":"Voer Private Key in",
            "creating_transaction":"Transactie maken",
            "ask_for_anonymous_p1":"Onze Bitcoin mixer heeft uw munten nodig. Stuur deze transactie anoniem en krijg een {0}% bonus <\/ b> ({1} BTC zal worden verzonden naar het verzendadres). De transactie zal een vertraging oplopen van ongeveer {2}.",
            "password_change":"Bevestig wachtwoordwijziging",
            "continue_btn":"Verdergaan",
            "continue_without_fee":"Verder gaan zonder transactiekosten",
            "label_placeholder":"Label (bijv. Spaargeld)",
            "sweep_keys":"Veeg sleutels",
            "sweep_key":"Veeg sleutel",
            "address":"Adres:",
            "miners_fee_recommended_warning":"Als u geen kosten betaalt voor deze transactie kan het lang duren voordat deze bevestigd wordt. Het geld zal aan u worden teruggegeven binnen ongeveer 24 uur.",
            "import_directly":"Importeer Direct",
            "add_fee":"Voeg fee toe",
            "sweep_to":"Vegen naar:",
            "never_ask_again":"Vraag me dit nooit meer.",
            "claim_zero_balance":"Het saldo van dit Bitcoinadres is nul. De betaling kan al geclaimd zijn of de transactie werd ongedaan ongedaan gemaakt door de afzender.",
            "login_to_my_wallet":"Inloggen op Mijn Portemonnee",
            "sign_message_sub":"Gebruik deze tool om een \u200B\u200Bbericht waaruit blijkt dat u een adres bezit te ondertekenen. Onderteken alleen berichten waarmee u het volledig eens bent, en ondertekenen nooit vage berichten. Als u op \"Onderteken bericht\" klikt kan dit ertoe leiden dat uw browser niet meer reageert voor een paar seconden.",
            "private_key_needed_p1":"Deze actie vereist de private key van bitcoin adres {0}. Voer hieronder de private key in.",
            "watch_only_warning":"'Kijk alleen adres waarschuwing"
         },
         "disconnected":"NIET VERBONDEN",
         "wallet_home":{
            "phone_deposit":"Storten per telefoon",
            "partners_description":"Geef Uw Bitcoins Uit!",
            "pingit_withdraw":"PingIt Opnemen",
            "total_sent":"Totaal verzonden",
            "pingit_deposit":"PingIt Storten",
            "deposit_description":"De snelste en eenvoudigste manier om Bitcoins te storten op uw account is het gebruik van deze diensten.",
            "share_with_anyone":"Deel dit met iedereen zodat ze naar u kunnen overmaken.",
            "cash_deposit":"Geld storten",
            "account_settings_description":"Bewerk uw accountinstellingen zoals e-mailadres, wachtwoord en notificatieinstellingen.",
            "this_is_your_bitcoin_address":"Dit is uw Bitcoin adres",
            "sofort_deposit":"Instant storting",
            "btcpak_withdraw":"BTCPak Opnemen",
            "total_transactions":"Totaal aan transacties",
            "backup_description":"Een back-up van uw portemonnee is een belangrijke stap die vaak vergeten wordt. Blockchain.info neemt alle voorzorgen om uw portemonnee veilig te houden, maar het is altijd beter om een \u200B\u200Blokale kopie te maken voor de zekerheid.",
            "withdraw_description":"Gebruik de onderstaande diensten om Bitcoins om te zetten naar uw lokale valuta.",
            "withdraw":"Opnemen"
         },
         "success":{
            "wallet_synced":"Portemonnee succesvol gesynchroniseerd met de server",
            "notification_settings_updated":"Notificatie instellingen bijgewerkt",
            "email_updated":"E-mailadres bijgewerkt",
            "saved_to_google_drive":"Portemonnee succesvol opgeslagen in Google Drive. U kunt nu dit venster sluiten",
            "unsubscribed":"Uw e-mail is uitgeschreven van alle meldingen",
            "saved_to_dropbox":"Portemonnee succesvol opgeslagen in Dropbox. U kunt nu dit venster sluiten",
            "local_currency_updated":"Lokale valuta succesvol bijgewerkt",
            "create_wallet_success":"Nieuwe portemonnee succesvol opgeslagen",
            "two_factor_authentication_request_approved":"Dubbele Authenticatie Reset verzoek is goedgekeurd. Het verzoek zal binnenkort worden behandeld.",
            "email_code_sent":"Dubbele Authenticatie E-mail Verzonden",
            "logging_level_updated":"Log niveau bijgewerkt.",
            "language_updated":"Taal succesvol aangepast",
            "two_factor_authentication_updated":"Dubbele authenticatie instellingen bijgewerkt.",
            "email_code_resent":"E-mailcode verzonden. Controleer je spam folder! Elk handmatig e-mailverzoek geldt als een mislukte poging",
            "confirmation_sms_sent":"Bevestigings SMS Verzonden",
            "updated_password_hint":"Wachtwoordhint bijgewerkt",
            "two_factor_reset_request_submitted":"Een verzoek om een dubbele authenticatie reset is al ingediend."
         },
         "receive_money":{
            "group_by_taint":"Sorteer adressen naar besmetting",
            "sweep_keys":"Keys Vegen",
            "anonymous_addresses_description":"Betalingen ontvangen van anonieme adressen worden doorgestuurd naar een ander adres in uw portemonnee. Ontvangen betalingen verstuurd via de mixer isoleren uw persoonlijke portemonnee van de afzender. Transacties ontvangen van anonieme adressen kunnen niet worden gekoppeld aan uw normale portemonnee.",
            "archived_addresses":"Gearchiveerde Adressen",
            "new_address_tooltip":"Klik hier om een \u200B\u200Bnieuw bitcoin adres genereren. U kunt meteen beginnen met het ontvangen van bitcoins op dit adres",
            "anonymous_addresses":"Anonieme Adressen",
            "delete_keys_tooltip":"Verwijder de geselecteerde private keys.",
            "sweep_keys_tooltip":"Verplaats Bitcoins opgeslagen in de geselecteerde keys naar een \u200B\u200Bander bitcoin adres.",
            "verify_message":"Controleer Bericht",
            "anonymous_addresses_description2":"Anonieme Adressen zijn geldig voor slechts een transactie en kosten 1,5% aan transactiekosten.",
            "select_all":"Selecteer alles",
            "select_none":"Selecteer niets",
            "sub_header":"Uw bitcoin adressen om te ontvangen",
            "chord_diagram":"Bekijk Relatie Diagram",
            "archived_addresses_description":"Gearchiveerde adressen zijn adressen die u misschien niet meer nodig heeft en die daarom verborgen zijn in de hoofdweergave. U kunt deze op elk gewenst moment dearchiveren door te klikken op het blauwe pictogram.",
            "new_anonymous_address":"Nieuw Anoniem Adres",
            "new_shared_address":"Nieuw Gedeeld Adres",
            "expires_in":"Verloopt Over"
         },
         "send_coins":{
            "to_address_help":"Voer het bitcoin adres van de ontvanger in",
            "shared_coin":"Gedeelde Transactie",
            "facebook_help":"Voer de naam van het Facebook-profiel van de ontvanger in",
            "send_payment_tooltip":"Klik hier om de betaling te verzenden. U wordt niet gevraagd om de transactie te controleren.",
            "amount_help":"Voer het bedrag in dat u wilt sturen in bitcoin",
            "review_payment":"Betaling controleren",
            "send_via_sms_sub":"Gebruik het formulier hieronder om bitcoins via sms te sturen.",
            "quick_send":"Snel versturen",
            "email_address_tooltip":"Dit is het e-mailadres van de persoon naar wie u Bitcoins wilt sturen.",
            "fee_percent_per_repetitions":"Percentage Vergoeding Per Herhaling",
            "place_bet":"Zet in!",
            "sms_number_tooltip":"Voer het SMS-nummer in van de persoon aan wie u bitcoin wilt sturen.",
            "custom_transaction":"Speciale Transactie",
            "shared_send":"Gedeelde Verzending",
            "public_note":"Openbaar bericht",
            "amount_tooltip":"Het te versturen bedrag in bitcoins",
            "games":"Spelletjes",
            "miners_fee_tooltip":"Dit bedrag zal worden verzonden naar de bitcoin mijners die kunnen helpen uw transactie sneller te verwerken",
            "custom_transaction_sub":"Gebruik het formulier hieronder om een \u200B\u200Bbetaling te verzenden naar een of meer bitcoin adressen. U wordt nog gevraagd uw transactie te controleren voor verzending.",
            "shopping":"Winkelen",
            "repetitions_help":"Een hoger aantal herhalingen maakt de transactie moeilijker te traceren en verbetert privacy.",
            "btcdice_sub":"{0} - Kies uw winkansen, waag een gokje en ontvang uw winst in een paar seconden.",
            "send_anonymously_total":"Met inbegrip van kosten is het totaal van deze transactie {0}",
            "shared_coin_sub":"Betrouwbaar bitcoins mixen gebruikmakend van 'coin join' en besmettingsanalyse",
            "send_anonymously_sub":"Gebruik anoniem sturen om te garanderen dat de transactie niet getraceerd kan worden tussen zender en ontvanger.",
            "send_via_facebook_sub":"Gebruik het formulier hieronder om bitcoin te verstuur naar een Facebookvriend.",
            "to_address":"Bestemmingsadres",
            "sms_number_help":"Voer het SMS-nummer van de ontvanger in.",
            "repeat_10":"Herhaal 10 keer",
            "reset_form":"Formulier resetten",
            "shared_coin_recover":"Herstel Tussenliggende Adressen",
            "public_note_tooltip":"Een notitie toevoegen aan deze transactie die zichtbaar zal zijn op blockchain.info.",
            "add_recipient_tooltip":"Als u Bitcoin wilt sturen naar meerdere ontvangers tegelijkertijd, klik dan hier om een \u200B\u200Bextra adres toe te voegen",
            "send_anonymously_bonus":"De mixer betaalt op dit moment van een bonus voor nieuwe munten. Er zullen geen kosten voor deze transactie zijn en er zal een bonus van {0} BTC worden betaald.",
            "btcdice_header":"Gok met BTCDice",
            "anonymous_transaction_fees":"Alle Anonieme transacties hebben kosten van {0}%.",
            "maximum_send_value":"Maximale Verzendwaarde",
            "satoshi_dice_sub":"{0} is het meest populaire bitcoin gokspel. Win tot 64.000 x je inzet, direct. Alle dobbelsteenworpen zijn controleerbaar met behulp van de blockchain.",
            "number_of_bets":"Aantal Inzetten:",
            "review_payment_tooltip":"Klik hier om de betaling te bekijken. U zult in staat zijn om de transactie te bevestigen of te annuleren.",
            "send_shared_free":"Gedeelde transacties zijn momenteel gratis.",
            "send_via_email_sub":"Gebruik het formulier hieronder om bitcoins te sturen naar een e-mailadres.",
            "repeat_5":"Herhaal 5 keer",
            "custom":"Speciaal",
            "shared_coin_t1":"Gedeelde Transactie",
            "miners_fee":"Mijners kosten",
            "winnings":"Winst:",
            "to_address_tooltip":"Dit is het Bitcoin-adres van de ontvanger.",
            "change_address_tooltip":"Wisselgeld van de Transactie zal worden teruggestuurd naar dit adres",
            "satoshi_dice_header":"Gok met SatoshiDICE",
            "minimum_send_value":"Minimale Verzendwaarde",
            "address_book_sub":"Het adresboek bevat een lijst met bekende adressen. U kunt het gebruiken om de bitcoin adressen van mensen die u kent of handelaren die u vaak gebruikt op te slaan.",
            "email_address_help":"Voer het e-mailadres van de ontvanger in"
         },
         "errors":{
            "error_updating_auto_backup":"Fout bijwerken automatische e-mail back-up instellingen",
            "mobile_identifier_not_found":"Portemonnee-id kon niet worden gevonden. Uw portemonnee is nog niet opgeslagen op onze server. Gelieve om een \u200B\u200Bnieuw account aan te maken om te voorkomen dat u uw portemonnee verliest.",
            "unknown_identifier":"Onbekende portemonnee identificatie. controleer of u alles correct ingevoerd heeft.",
            "error_validating_yubikey":"Fout bij het valideren van uw Yubikey",
            "invalid_email":"Ongeldig e-mailadres",
            "error_updating_two_factor_authentication":"Fout bij het bijwerken van dubbele authenticatie.",
            "error_updating_ip_lock":"Fout bij het updaten van IP slot",
            "two_factor_enabled_no_email":"Dubbele authenticatie is ingeschakeld, maar u heeft nog geen e-mailadres toegevoegd.",
            "error_updating_local_currency":"Fout bij het veranderen van uw lokale valuta",
            "checksum_reread_failed":"Portemonnee is bijgewerkt, maar checksum valideert niet op herlezing! Dit is een ernstige fout, neem contact op met {0}",
            "error_updating_logging_level_updated":"Fout bij het veranderen van het log niveau.",
            "two_factor_enabled_email_not_verified":"Dubbele authenticatie is ingeschakeld, maar u hebt uw e-mail niet geverifieerd.",
            "wallet_identifier_not_found":"Portemonnee Identificatie niet gevonden",
            "error_generating_google_secret":"Fout bij het genereren van uw Google Authenticator geheime informatie",
            "password_hints_not_set":"Wachtwoord hints zijn niet ingesteld voor deze portemonnee",
            "two_factor_authentication_request_declined":"Dubbele authenticatie reset aanvraag is afgewezen",
            "error_generating_auth_code":"Fout bij het genereren van een authenticatiecode",
            "error_updating_notification_settings":"Fout bij het veranderen van meldingsinstellingen",
            "error_updating_password_hint":"Fout bij het veranderen wachtwoordhint",
            "error_unsubscribing":"Portemonnee identificatie of e-mail code waren onjuist. U bent niet uitgeschreven",
            "error_saving_wallet":"Fout bij het opslaan van uw portemonnee",
            "checksum_invalid":"Checksum valideert niet",
            "wallet_already_exists":"Portemonnee bestaat al",
            "two_factor_authentication_not_enabled":"Dubbele authenticatie is niet ingeschakeld op uw account",
            "error_creating_two_factor_reset_request":"Fout bij het creëren van dubbele authenticatie herstel verzoek",
            "failed_to_get_wallet":"Portemonnee object krijgen mislukt.",
            "error_updating_sms":"Fout bij het veranderen van uw SMS-nummer",
            "account_locked_to_another_ip":"Dit account is vergrendeld en kan alleen benaderd worden vanaf een \u200B\u200Bander IP adres.",
            "email_not_found":"E-mailadres niet gevonden",
            "error_updating_yubikey":"Fout bij het bijwerken van uw Yubikey",
            "invalid_payload":"Ongeldige lading",
            "login_attempts_left":"Nog {0} login pogingen te gaan",
            "email_updated_eror_sending_link":"E-mail bijgewerkt, maar er is een fout opgetreden bij het verzenden van de bevestiging link.",
            "email_code_incorrect":"e-mail verificatiecode is niet correct",
            "captcha_incorrect":"Captcha code onjuist",
            "error_updating_auth_saving":"Fout bij het bijwerken van een authenticatiecode",
            "error_updating_language":"Fout bij het veranderen van de taal",
            "error_updating_secret_phrase":"Fout bij het veranderen van geheime zin",
            "reminder_recently_sent":"Een herinneringsbericht is onlangs verzonden.",
            "error_sending_password_hints":"Onbekende fout bij het versturenvan  Wachtwoord Hints",
            "error_alias_taken":"Alias \u200B\u200B is al in gebruik",
            "invalid_ip_address":"Ongeldig IP-adres",
            "unknown_currency_code":"Onbekende valutacode",
            "invalid_length":"Lengte moet in cijfers zijn",
            "error_sending_sms_code":"Er is een fout opgetreden bij het verzenden van uw dubbele authenticatie code SMS.",
            "invalid_sms_number":"Ongeldig SMS-nummer",
            "error_updating_skype":"Fout bij het bijwerken van uw Skype-gebruikersnaam",
            "account_locked_for_minutes":"Account is nog {0} minuten geblokkeerd.",
            "error_sending_two_factor_email":"Er is een fout opgetreden verzenden van de dubbele authenticatie code e-mail",
            "error_updating_email":"Fout bij het bewerken van e-mailadres",
            "reached_email_limit":"U heeft uw e-mail limiet voor vandaag bereikt (maximaal {0} e-mails)",
            "unknown_language_code":"Onbekende taalcode",
            "error_updating_alias":"Fout bij het veranderen van alias",
            "sms_code_incorrect":"SMS verificatie code Onjuist.",
            "alias_too_long":"Alias \u200B\u200Bkan een maximum van 25 tekens bevatten",
            "payload_null":"Ernstige Fout! Lading lijkt leeg"
         },
         "tooltips":{
            "balance":{
               "tip":"Dit toont het saldo van uw Bitcoin portemonnee. U kunt dit bedrag mogelijk niet besteden totdat alle transacties bevestigd zijn.",
               "title":"Uw Saldo"
            },
            "connection_status":{
               "tip":"Als de verbinding verbroken is moet u de pagina vernieuwen om nieuwe transacties te zien. Als u continu verbinding heeft zullen nieuwe transacties onmiddellijk te zien zijn."
            }
         }
      },
      "wallet_forgot_identifier":{
         "sub_header":"Vul uw e-mailadres of SMS-nummer in en wij zullen de bevestigingslink opnieuw verzenden:",
         "p1":"Als u niet beschikt over een e-mail gekoppeld aan uw account kunt u contact met ons op ({0}) Geef alle informatie die u kan bieden met inbegrip van Skype gebruikersnaam, Google Talk-gebruikersnaam, geheime zin of alias."
      },
      "rejected":{
         "sub_header":"Transacties en blokken die zijn afgewezen door onze Bitcoin knooppunten.",
         "header":"Afgewezen inventaris",
         "title":"Afgewezen Transacties & Blokken - Blockchain.info",
         "hash":"Hash"
      },
      "footer":{
         "not_connected":"Niet verbonden",
         "nodes_connected":"Verbonden Knooppunten",
         "enable":"Activeren",
         "disable":"Deactiveren"
      },
      "webgl_globe":{
         "header":"Globale Bitcoin knooppunten",
         "home":"Home",
         "miners":"Mijners"
      },
      "hub_nodes":{
         "sub_header":"Dit toont de knooppunten die de meeste transacties als eerste hebben doorgegeven aan blockchain.info. De knooppunten op deze pagina zijn vaak goed aangesloten knooppunten voor handelaren of mijners.",
         "meta_description":"IP-adressen van bitcoin knooppunten waarvan de meeste transacties worden doorgeven aan blockchain.info",
         "relay_count":"Aantal keer doorgegeven",
         "title":"Bitcoin Hub Knooppunten - Blockchain.info"
      },
      "emails":{
         "authorize_login":{
            "p1":"Er is een poging gedaan om in te loggen op uw blockchain.info portemonnee van een onbekende browser. Controleer alstublieft of de volgende gegevens correct zijn:",
            "p2":"Klik als de bovenstaande gegevens juist zijn op de volgende link om de aanvraag goed te keuren:",
            "p3":"Als deze login poging niet door u gemaakt was, kan deze e-mail veilig worden genegeerd. Het betekent dat iemand uw portemonnee login pagina bezocht heeft met uw alias vanuit een niet-herkende browser. De login-poging werd geblokkeerd, het betekent niet dat je portemonnee of wachtwoord is gestolen, maar als het verzoek niet door u werd gedaan raden wij u aan uw portemonnee alias wijzigen."
         },
         "tx":{
            
         },
         "confirmation_code":{
            "p1":"Er is een poging gedaan om op uw Mijn portemonnee account in te loggen door IP-adres {0}. Voer de bevestigingscode in om u aan te melden. Als u het niet was die deze login poging gedaan heeft kunt u deze e-mail negeren."
         },
         "account_locked":{
            "p1":"Er zijn een aantal mislukte pogingen gedaan om in te loggen op uw Mijn Portemonnee account. Voor uw veiligheid zijn nieuwe inlogpogingen uitgeschakeld tot {0}",
            "p2":"Als deze inlogpogingen niet door u gemaakt zijn is het raadzaam dat u uw wachtwoord wijzigt zodra de rekening weer beschikbaar is. Als u heel bezorgd bent neem dan contact met ons op, dan zullen wij de vergrendeling langer actief laten."
         },
         "two_factor_reset_request":{
            "p1":"Een verzoek is gedaan om dubbele authenticatie te verwijderen uit uw Mijn Portemonnee account:",
            "p3":"Als u dit verzoek niet gemaakt heeft moet u de URL niet openen:",
            "p4":"Het is mogelijk dat een kwaadwillig iemand probeert om toegang te krijgen tot uw Bitcoin portemonnee. Gelieve niet te reageren op dit verzoek.",
            "header":"Dubbele Authenticatie Reset Aanvraag"
         },
         "login_blocked":{
            "p1":"Een poging om toegang te krijgen tot uw Mijn Portemonnee-account is geblokkeerd. Controleer voor uw eigen veiligheid de onderstaande gegenvens:",
            "p2":"Als deze inlogpoging door u werd gemaakt kan deze e-mail veilig worden genegeerd. Als deze echter niet door u gemaakt is heeft iemand geprobeerd toegang te krijgen tot uw portemonnee. In dit geval is de toegang geblokkeerd.",
            "header":"Inlogpoging geblokkeerd",
            "title":"Inlogpoging geblokkeerd"
         },
         "tip_backup":"Back-up uw Bitcoin portemonnee met Dropbox. Het is gratis, eenvoudig en veilig.",
         "password_hints":{
            "p1":"U ontvangt deze e-mail omdat een verzoek is gedaan om uw wachtwoord hints weer te geven.",
            "main_hint":"Hoofd Wachtwoord Hint:",
            "header":"Mijn Portemonnee Wachtwoord Hints",
            "second_hint":"Tweede Wachtwoord Hint:"
         },
         "welcome":{
            "p1":"Deze e-mail bevat belangrijke informatie over uw nieuwe Bitcoin portemonnee. Zorg ervoor dat u dit veilig en apart opslaat, gescheiden van uw wachtwoord.",
            "header":"Welkom bij Mijn Portemonnee",
            "notifications_disabled":"Notificaties zijn uitgeschakeld",
            "notifications_enabled":"Notificaties zijn ingeschakeld",
            "notifications":"Notificaties:"
         },
         "tip_reversible":"Deze betaling kan ongedaan worden gemaakt door de afzender totdat hij geclaimd wordt.",
         "wallet_backup":{
            "p1":"Aan deze e-mail is een AES gecodeerd portemonnee back-up toegevoegd die alles bevat wat u nodig hebt om uw Bitcoin portemonnee te herstellen. U kunt het gebruiken om de portemonnee te herstellen op elk moment op {0} of met behulp van de 3rd-party {1} desktop client."
         }
      },
      "transactions_summary":{
         "maturing":"{0} nodig totdat de bitcoins besteedbaar zijn",
         "no_double_spend":"Geen dubbele uitgaves gedetecteerd",
         "transaction_is_double_spend":"Deze transactie is een dubbele uitgave!",
         "you_received":"U heeft ontvangen",
         "poor":"Slecht",
         "you_moved":"U Verplaatst",
         "double_spend":"Dubbele uitgave"
      },
      "export_history":{
         
      },
      "wallet_index":{
         "p1":"Mijn portemonnee is een gratis online Bitcoin portemonnee waarmee u wereldwijd gratis betalingen kunt verwerken. Wij maken het betalen met bitcoins gemakkelijk, veilig en overal beschikbaar op uw telefoon of computer.",
         "slides":{
            "charts_analytics_p1":"Genereer grafieken en rapporten van recente Bitcointransacties. Bekijk uw rekeningsaldo over het verloop van de tijd, het aantal transacties en de omzet per dag.",
            "mobile_support_p2":"Als uw telefoon wordt gestolen of verloren raakt is er van uw portemonnee nog steeds een veilige back-up op onze servers.",
            "double_encryption_p1":"Voordat uw Bitcoin portemonnee wordt opgeslagen op onze servers is het 256-bits versleuteld in uw browser. Uw wachtwoord wordt nooit gedeeld met ons, zodat wij uw portemonnee niet kunnen openen. Niet alleen dat, maar uw portemonnee wordt optioneel versleuteld met een tweede wachtwoord. Dat is éen wachtwoord om in te loggen en een apart wachtwoord om transacties te maken. Alsof dat niet genoeg is hebben we ook ondersteuning van een verscheidenheid van dubbele authenticatie methoden, waaronder Mt.Gox Yubikeys.",
            "one_click_backups_p1":"We doen er alles aan om uw portemonnee veilig te back-uppen. Er is echter geen vervanging voor het hebben van een back-up op uw eigen PC. Met een druk op de knop kunt u uw versleutelde portemonnee naar u gemaild krijgen, opgeslagen in uw Dropbox account of lokaal opgeslagen. Dan heeft u nog steeds toegang tot uw geld, zelfs als Blockchain.info gegevens verliest of offline gaat.",
            "payment_notifications":"Betalingsmeldingen",
            "double_encryption":"Dubbele Encryptie",
            "payment_notifications_gtalk":"Betalingsmeldingen in Google Talk",
            "payment_notifications_p1":"Ontvang meldingen wanneer een betaling wordt verzonden of ontvangen vanaf uw Bitcoin portemonnee. De gemiddelde vertraging voor de betalingsmeldingen is minder dan 50ms. Als u een betaling ontvangt terwijl u ingelogd bent in Mijn Portemonnee, dan wordt een geluid afgespeeld en zal de interface onmiddellijk bijwerken zonder de pagina te herladen.",
            "payment_notifications_skype":"Bitcoin Betalingsmeldingen op Skype",
            "mobile_support":"Mobiele Ondersteuning",
            "charts_analytics_img_title":"Ingebouwde Grafieken & Analyse",
            "charts_analytics":"Grafieken & Analyses",
            "one_click_backups":"Een klik Back-ups"
         },
         "p2":"Wij zijn geen bank. Uw geld blijft volledig uw eigendom. We kunnen uw saldo en transacties niet zien, en geen betalingen namens u verrichten.",
         "techradar_quote":"Tegen 2015 zou contact geld wel eens een bedreigde soort kunnen zijn",
         "introduction_video":"Bitcoin Video Inleiding",
         "successfully_transacted":"succesvol afgehandeld.",
         "control":{
            "p1":"De kracht van bitcoin is dat het volledig gedecentraliseerd is, en geen enkele regering of onderneming betalingen kan blokkeren of rekeningen kan sluiten.",
            "p2":"Met Mijn Portemonnee behoudt u de volledige controle over uw",
            "read":"Lees",
            "p4":"wat betekent dat Bitcoin portemonnees nooit in beslag kunnen worden genomen of geblokkeerd kunnen worden. Tevens kunnen ze worden geïmporteerd in elke desktop Bitcoin client.",
            "how_it_works":"hoe het werkt",
            "title":"Behoud Controle"
         },
         "easy":{
            "p1":"Mijn Portemonnee gebruiken is niet anders dan het gebruik van",
            "p2":"of online bankieren. Na het inloggen kunt u uw saldo en een lijst van uw recente transacties zien"
         },
         "confused":{
            "p1":"Verwarrend? Lees de",
            "p2":"veelgestelde vragen"
         },
         "meta_description":"Mijn portemonnee is een gratis online Bitcoin portemonnee waarmee u wereldwijd gratis betalingen kunt verwerken. Wij maken het betalen met Bitcoins gemakkelijk en veilig.",
         "features":{
            "live_update":"Live Geupdate Interface",
            "p1":"De meest geavanceerde online Bitcoin portemonnee die er is.",
            "client_side_encryption":"Veilige Client-side Versleuteling",
            "payment_notifications":"SMS & E-mail Betalingsmeldingen",
            "title":"Functierijk",
            "free":"Gratis, Kostenloos",
            "import_export":"Importeren \/ Exporteren van private keys",
            "two_factor":"Dubbele authenticatie",
            "backups":"Mogelijkheid om uw eigen back-ups te maken"
         },
         "security":{
            "p2":"encryptie om uw portemonnee te beschermen tegen dieven en hackers. Het verbazingwekkende is dat de encryptie volledig plaatsvindt in uw browser, dus voordat de informatie wordt opgeslagen op onze servers. Dus niet eens wij hebben toegang tot uw account!",
            "p3":"Mijn portemonnee bouwt voort op de veiligheid van Bitcoin door middel van een groot aantal functies om u te helpen uw geld veilig te houden, zoals",
            "paper_wallets":"Papieren Portemonnees",
            "title":"Veilig",
            "remote_backups":"Externe back-ups"
         },
         "deposit":{
            "p1":"Stort bitcoins rechtstreeks in uw Mijn Portemonnee account in enkele seconden dankzij onze partners, via een bankoverschrijving, geldstorting en meer. Beschikbaar in de VS, het VK en honderden andere landen wereldwijd.",
            "title":"Direct Storten"
         },
         "anonymous":{
            "p1":"Het enige wat we nodig hebben voor een account is een wachtwoord. Er wordt geen andere persoonlijk identificerende informatie gevraagd. We kunnen niet uw Bitcoin addressen zien, uw transacties bekijken of uw saldo controleren.",
            "p2":"Mijn portemonnee bevat ook een ingebouwde",
            "mixing_service":"mengservice"
         },
         "merchants":{
            "p1":"Wereldwijd accepteren al duizenden winkeliers bitcoin, en elke dag worden dit er meer. Je kan bijna alles kopen met Bitcoins, van online poker tot organische koffie. Noem het maar op en je kunt het kopen met Bitcoins.",
            "p2":"Een volledige lijst van Bitcoin handelaren is te vinden op de",
            "title":"Wereldwijd Geaccepteerd"
         },
         "tooltips":{
            "paper_wallet_title":"Papieren Portemonnee",
            "private_key":"Bitcoin-adressen bestaan \u200B\u200Buit twee delen. De private key is het deel dat wordt gebruikt om het eigendom van een adres te bewijzen en is nodig om geld op te nemen. Deze moet altijd veilig bewaard worden.",
            "remote_backup":"Bij een Externe back-up wordt je portemonnee opgeslagen op een andere locatie dan uw lokale PC. Dit is belangrijk om ervoor te zorgen uw geld niet verloren gaat in het geval van een harde schijf defect of andere computerstoring",
            "offline_transactions":"Offline transacties zijn Bitcoin transacties die worden gegenereerd zonder actieve internetverbinding. Ze worden beschouwd als zeer veilig, omdat uw PC geen actieve internetverbinding heeft.",
            "paper_wallet":"Een papieren portemonnee is een afdrukbaar document waarin alle informatie staat die nodig is om uw Bitcoins terug te halen.",
            "paypal":"PayPal is een verouderde manier van geld versturen",
            "aes":"Een zeer sterke encryptienorm die door de Amerikaanse regering en anderen nu wereldwijd worden gebruikt voor VPNs en andere gecodeerde communicatie",
            "remote_backup_title":"Externe back-ups"
         }
      },
      "misc":{
         "unknown_exception":"Onbekende Uitzondering",
         "disclaimer":"Elk gebruik van de term geld op deze website verwijst slechts naar virtuele valuta. Wij garanderen niet dat Bitcoins kunnen worden ingewisseld tegen de aankoopprijs."
      },
      "error_page":{
         "p1":"Als u denkt dat dit een fout is kunt u contact met ons opnemen via {0}.",
         "error_404":"Pagina niet gevonden, controleer of u het adres juist getypt heeft."
      },
      "wallet":{
         "support_pages":"Ondersteuningspagina's",
         "new_users_p1":"Het creëren van een nieuwe Bitcoin portemonnee neemt letterlijk maar een paar seconden in beslag. U kunt meteen betalingen versturen en ontvangen.",
         "my_wallet":"Mijn Portemonnee",
         "help_p1":"Raadpleeg de FAQ voor veelgestelde vragen. Voor problemen met de site kunt u contact met ons opnemen.",
         "start_new":"Maak een nieuwe portemonnee",
         "login_now":"Inloggen",
         "slogan":"Ben Uw Eigen Bank",
         "existing_users_p1":"Als u al een 'Mijn Portemonnee' account heeft, klik dan hier om in te loggen."
      },
      "address":{
         "deposit_with_cash":"Stort Met Geld",
         "donation_button":"Donatie Knop",
         "address_possibly_inaccurate":"Waarschuwing! De getoonde resultaten kunnen onnauwkeurig zijn. Dit is meestal omdat een adres een zeer groot aantal onbevestigde transacties bevat.",
         "invalid_hash_160":"Sorry, dit is geen geldige hash160",
         "double_spend_warning":"Waarschuwing! Dit Bitcoin adres bevat transacties die dubbele uitgaves zijn. Je moet heel voorzichtig zijn bij het vertrouwen van elke transactie van en naar dit adres.",
         "too_large_to_filter":"Dit transactieoverzicht of adresboek is te groot om op te filteren",
         "sub_header":"Adressen zijn de identificatie die u gebruikt om bitcoins te sturen naar een andere persoon.",
         "invalid_address":"Sorry, dit is geen geldig bitcoin adres",
         "request_payment":"Vraag Betaling aan",
         "no_transactions":"Geen transacties gevonden voor dit adres, waarschijnlijk is dit adres nog niet gebruikt op het netwerk.",
         "table_summary":{
            "taint_analysis":"Besmettingsanalyse",
            "title":"Samenvatting",
            "related_tags":"Gerelateerde Tags"
         },
         "no_address_provided":"Geen adres opgegeven",
         "table_transactions":{
            "number_of_transactions":"Aantal Transacties",
            "unspent_inputs":"Niet-bestede Inputs"
         }
      },
      "blocks":{
         "blocks_found_by":"Recente blokken Gevonden door {0}",
         "main_chain":"Hoofdblokketen",
         "title1":"Recente blokken Gevonden door {0}",
         "title2":"Blokken gemijnd op",
         "mined_on":"Blokken gemijnd op:",
         "hash":"Hash",
         "relayed_by":"Doorgestuurd door"
      },
      "home":{
         "other_links":{
            "nodes2":"Een logboek van alle bitcoin knooppunten waar blockchain.info op is aangesloten ",
            "wallet":"Mijn Portemonnee",
            "orphaned2":"Geldige blokken die geen deel uitmaken van de bitcoin hoofdblokketen",
            "rejected":"Afgewezen Inventaris",
            "double_spends2":"Dubbele uitgaves gedetecteerd in de laatste 500.000 transacties",
            "most_popular2":"Adressen die de meeste betalingen hebben ontvangen",
            "unconfirmed2":"Transacties die wachten om opgenomen te worden in een blok",
            "pools":"Mijnpool Statistieken",
            "orphaned":"Wees Blokken",
            "wallet2":"Beheer uw geld met de meest geavanceerde web portemonnee die Bitcoin heeft.",
            "hub_nodes2":"Een lijst van de meest verbonden bitcoin super knooppunten",
            "globe2":"WebGL globe die de bitcoin knooppunten laat zien (Chrome of Safari vereist)",
            "strange":"Vreemde Transacties",
            "nodes":"Bitcoin Knooppunten Lijst",
            "pools2":"Cirkeldiagram dat het marktaandeel toont van de top bitcoin mijnpools",
            "notifications2":"Ontvang gratis e-mail notificaties wanneer er activiteit is op uw bitcoin adressen",
            "double_spends":"Dubbele Uitgaves",
            "strange2":"Transacties waarbij we niet in staat waren om het eindpunt-adres te decoderen",
            "address_tags2":"Label uw publieke bitcoin adressen.",
            "most_popular":"Meest Populaire Adressen",
            "notifications":"Betaling Notificaties"
         },
         "sub_header":"Meest recent gemijnde blokken in de bitcoin blokketen",
         "search_placeholder":"Adres \/ Eerste bits \/ IP \/ SHA hash",
         "meta_description":"Bitcoin Blokexplorer & Valuta Statistieken. Bekijk gedetailleerde informatie over alle Bitcointransacties en blokken.",
         "search_explain":"U kunt hieronder een blokhoogte, adres, blokhash, transactiehash, hash160, of IPv4-adres invoeren",
         "table_headers":{
            "sent":"Totaal Verzonden"
         },
         "about":{
            "p1":"Bitcoin is een peer-to-peer valuta. Peer-to-peer betekent dat er geen centrale autoriteit is die nieuw geld uit kan geven of transacties kan volgen. Deze taken worden gezamenlijk beheerd door het netwerk.",
            "p2":"Op deze site kunt u navigeren door de bitcoin blokketen (een database met informatie over alle transacties). We beheren ook de grootste en veiligste portemonnee service voor Bitcoin."
         },
         "header":"Home",
         "title":"Bitcoin blokexplorer - Blockchain.info"
      },
      "tx_tree":{
         "meta_description":"Een boom grafiek die de eindpunten van bitcoin transacties {0}",
         "no_clustering":"Geen Clusteren",
         "output_unspent":"Eindpunt is nog niet uitgegeven en heeft geen afstammelingen.",
         "output_spent":"Eindpunt is al besteed - Klik om de afstammelingen te laden.",
         "cluster_by_address":"Cluster per Adres"
      },
      "strange_transactions":{
         "sub_header":"Transacties met eindpunten van waaruit we niet in staat waren om een \u200B\u200BBitcoinadres te decoderen.",
         "meta_description":"Een lijst van bitcoin met niet-standaard-eindpunten"
      },
      "maintenance":{
         "header":"We zijn snel weer terug"
      },
      "transaction":{
         "unspent":"Onbesteed",
         "input_decode_error":"Kan ingangsadres niet decoderen",
         "size":"Grootte:",
         "fee":"Kosten:",
         "double_spend":"Dubbele betaling!",
         "no_inputs":"Geen Ingangen (nieuw gegenereerde bitcoins)",
         "output_decode_error":"Kan uitgangsadres niet decoderen"
      },
      "orphaned_blocks":{
         "meta_description":"Weesblokken zijn geldige blokken die geen deel uitmaken van de Bitcoin hoofdblokketen.",
         "p1":"Vrijstaande of Weesblokken zijn geldig blokken die geen deel uitmaken van de hoofdblokketen. Zij kunnen vanzelf ontstaan wanneer twee mijnwerkers blokken vinden op exact hetzelfde tijdstip of ze kunnen worden veroorzaakt door een aanvaller met veel hashkracht die probeert het netwerk aan te vallen.",
         "header":"Weesblokken",
         "title":"Weesblokken - Blockchain.info",
         "timestamp":"Tijdstip"
      }
   },
   "name":"Dutch",
   "native_name":"Nederlands",
   "properties":{
      "extends":"auto_dutch"
   }
}