{
   "flag":"gr.png",
   "code":"el",
   "strings":{
      "largest_transactions":{
         "meta_description":"Μια λίστα από τις μεγαλύτερες πρόσφατων συναλλαγών Bitcoin"
      },
      "charts":{
         "days_destroyed_cumulative2":"Bitcoin ερείπια Day είναι ένα μέτρο του όγκου των συναλλαγών Bitcoin. Αν κάποιος έχει 100 BTC ότι έλαβαν πριν από μία εβδομάδα και πέρασαν 700 ημέρες αργότερα Bitcoin έχει καταστραφεί. Αν παίρνουν 100BTC τους και να στέλνετε σε πολλές διευθύνσεις, και στη συνέχεια να περάσουν στη συνέχεια, ακόμη και αν ο συνολικός όγκος των συναλλαγών μπορεί να είναι αυθαίρετη μεγάλο αριθμό Bitcoin καταστράφηκαν ήταν 700 ημέρες.",
         "cost_per_transaction2":"Μια γραφική παράσταση που δείχνει το εισόδημα ανθρακωρύχοι διαιρείται με τον αριθμό των συναλλαγών.",
         "my_wallet_n_tx":"Αριθμός My Wallet Συναλλαγών ανά ημέρα",
         "tx_trade_ratio2":"Γράφημα που δείχνει τη σχέση μεταξύ του όγκου των συναλλαγών BTC και δολαρίου ΗΠΑ όγκο.",
         "cost_percent_per_transaction2":"Ένα γράφημα που δείχνει τους ανθρακωρύχους ως έσοδα ως ποσοστό του όγκου των συναλλαγών.",
         "mywallet_n_transactions_per_day":"My Wallet: Αριθμός των συναλλαγών ανά ημέρα",
         "balance_of_address":"Ισοζύγιο Bitcoin διεύθυνση:",
         "n_transactions2":"Ένα διάγραμμα του συνολικού αριθμού των μοναδικών συναλλαγών Bitcoin ανά ημέρα.",
         "hash_rate2":"Ο εκτιμώμενος αριθμός των giga hashes ανά δευτερόλεπτο (δισεκατομμύρια hashes ανά δευτερόλεπτο), το δίκτυο Bitcoin εκτελεί.",
         "mywallet_total_Received_per_day":"My Wallet: Σύνολο Ελήφθη ανά ημέρα για:",
         "mywallet_total_btc_received":"My Wallet: BTC Λήψη",
         "n_transactions_excluding_popular2":"Μια γραφική παράσταση που δείχνει τον συνολικό αριθμό των μοναδικών συναλλαγών Bitcoin ανά ημέρα δεν συμπεριλαμβανομένων των συναλλαγών περιλαμβάνουν ένα από τα πιο δημοφιλή 100 διεύθυνσης Bitcoin",
         "avg_confirmation_time2":"Ο μέσος χρόνος που χρειάζεται για τη συναλλαγή να γίνει δεκτή στο μπλοκ.",
         "total_received_to_address":"Σύνολο Ελήφθη να Bitcoin διεύθυνση:",
         "sub_header":"Διάφορα Bitcoin διαγράμματα και στατιστικά στοιχεία νόμισμα",
         "mywallet_balance_over_time":"My Wallet: Υπόλοιπο την πάροδο του χρόνου",
         "meta_description":"Τα πιο δημοφιλή διαγράμματα και στατιστικά στοιχεία σχετικά με το δίκτυο Bitcoin. Ο αριθμός των συναλλαγών ανά ημέρα, η τιμή της αγοράς, τόμος γράφων κλπ.",
         "estimated_transaction_volume2":"Παρόμοια με τον συνολικό όγκο της παραγωγής με την προσθήκη ενός αλγορίθμου που προσπαθεί να σβήσει τις αλλαγές του συνόλου. Αυτή είναι ίσως μια πιο ακριβής εικόνα του πραγματικού όγκου των συναλλαγών.",
         "network_deficit2":"Δείχνει διαφορά ανάμεσα στα δίδακτρα και το κόστος των συναλλαγών της εξόρυξης Bitcoin.",
         "output_volume2":"Η συνολική αξία όλων των συναλλαγών ανά ημέρα εξόδου. Αυτό περιλαμβάνει τα κέρματα επιστρέφονται στον αποστολέα ως αλλαγή.",
         "trade_vol2":"Ένα γράφημα που δείχνει τον όγκο των εμπορικών συναλλαγών αποθεμάτων παραπάνω δολάρια.",
         "market_cap2":"Ένα διάγραμμα που δείχνει το συνολικό αριθμό των bitcoins σε τιμές αγοράς * κυκλοφορία σε δολάρια ΗΠΑ.",
         "my_wallet_n_users":"Αριθμός My Wallet χρηστών",
         "my_wallet_n_tx2":"Αριθμός των συναλλαγών που πραγματοποιήθηκαν από τους χρήστες My Wallet ανά ημέρα.",
         "errors":{
            
         },
         "n_unique_addresses2":"Ένα γράφημα του αριθμού των μοναδικών διευθύνσεων που χρησιμοποιούνται Bitcoin ανά ημέρα."
      },
      "donation_button":{
         "p2":"Εισάγετε τον παρακάτω κώδικα HTML στο σημείο όπου θέλετε να εμφανίζεται το κουμπί"
      },
      "transaction_page":{
         "sub_header":"Προβολή πληροφοριών σχετικά με μια συναλλαγή Bitcoin",
         "meta_description":"Προβολή πληροφοριών σχετικά με μια συναλλαγή Bitcoin {0}",
         "double_spend":{
            "p1":"Προειδοποίηση συναλλαγή Bitcoin χρησιμοποιείται δύο φορές!",
            "p2":"Θα πρέπει να είμαστε πολύ προσεκτικοί όταν εμπιστεύονται κάθε συναλλαγή προς \/ από αυτόν τον αποστολέα."
         }
      },
      "popular_addresses":{
         "sub_header":"Η πιο δημοφιλής διεύθυνση Bitcoin προσδιορίζεται από τον αριθμό των έξοδο",
         "meta_description":"Ο κατάλογος των 100 από τα πιο δημοφιλή Bitcoin διευθύνσεις καθορίζονται από τον αριθμό των αποτελεσμάτων.",
         "number_of_outputs":"συνολικής παραγωγής"
      },
      "pools":{
         "meta_description":"Ένα γράφημα πίτας που δείχνει την κατανομή μεταξύ hashrate τις μεγάλες πισίνες εξόρυξης Bitcoin",
         "p1":"Το παρακάτω διάγραμμα δείχνει το μερίδιο της αγοράς από τα πιο δημοφιλή πισίνα εξόρυξης Bitcoin. Θα πρέπει να χρησιμοποιείται μόνο ως μια πρόχειρη εκτίμηση, και για διάφορους λόγους δεν θα είναι 100% ακριβής.",
         "warning":"Το μεγαλύτερο μέρος του μπλοκ είναι γνωστή με κανένα τρόπο μια επίθεση στο δίκτυο, αυτό σημαίνει απλώς έχουμε τη δυνατότητα να προσδιοριστεί η προέλευση."
      },
      "block_height":{
         "sub_header":"Blocks σε βάθος {0} στο Bitcoin blockchain",
         "meta_description":"Bitcoin μπλοκ στο ύψος {0} στην αλυσίδα μπλοκ Bitcoin"
      },
      "redirect_page":{
         
      },
      "connected_nodes":{
         "sub_header":"Εγγραφή σημείο συνδέεται με blockchain.info",
         "total_connected":"Αριθμός Συνδεδεμένων: {0}",
         "title":"Κατάλογος των Bitcoin τελείες είναι συνδεδεμένα"
      },
      "about_us":{
         "availability_p1":"Στόχος μας είναι να beoperasi 99,5% του χρόνου, αλλά η υπηρεσία παρέχεται καλύτερη προσπάθεια εάν η προγραμματισμένη συντήρηση προγραμματιστεί θα ενημερώσουμε τους χρήστες μέσω του ηλεκτρονικού ταχυδρομείου",
         "company_footer":"Blockchain.info ανήκει και λειτουργεί από Qkos Services ΕΠΕ Ηνωμένο Βασίλειο αριθμό μητρώου εταιρείας 05106799",
         "security_p1":"Πολιτική ασφαλείας μας είναι να κρατήσουμε όσο το δυνατόν λιγότερο τα δεδομένα σε περίπτωση παραβίασης της ασφάλειας θα μπορούσε να επηρεάσει τους χρήστες μας. Χρησιμοποιώντας την υπηρεσία My Wallet δεν έχουμε ή υποκλέψει τους κωδικούς πρόσβασης ή προσωπικά στοιχεία ταυτότητας πορτοφόλι πληροφορίες που αποθηκεύονται μόνο σε κρυπτογραφημένη μορφή. Blockchain.info τρέχει σε ιδιωτικό ειδικό υλικό που μπορεί μόνο να προσεγγιστεί από τον διαχειριστή του site. Εμείς διενεργεί τακτικούς ελέγχους ασφαλείας, τόσο από τον κώδικά μας και διακομιστές ιστοσελίδα μας, συμπεριλαμβανομένης της σάρωσης με τη χρήση nmap να ανιχνεύσει πιθανές αδυναμίες νωρίς. Αυτή η ιστοσελίδα μπορεί να προσεγγιστεί με ασφάλεια χρησιμοποιώντας το https:\/\/ επαληθεύεται από GoDaddy.",
         "about_p1":"Η πιο δημοφιλής Blockchain.info το Bitcoin Bitcoin πορτοφόλι και εξερευνητής μπλοκ. Τον Οκτώβριο του 2012, η \u200B\u200Bιστοσελίδα έλαβε περισσότερες από 10.000 επισκέπτες την ημέρα και έχει περισσότερους από 30.000 χρήστες.",
         "privacy_p1":"Δεν υπάρχει αρχείο καταγραφής πρόσβασης αποθηκεύεται για μια επίσκεψη σε αυτό το δικτυακό τόπο εκτός από ένα απλό μετρητή. Δεν καταγράφουμε τα δεδομένα που αφορούν τις συναλλαγές που πραγματοποιούνται μέσω My Wallet ή τις διευθύνσεις Bitcoin χρησιμοποιείται στο My Wallet. Κάθε διεύθυνση ηλεκτρονικού ταχυδρομείου, όνομα Skype ή άλλα προσωπικά δεδομένα που παρέχονται δεν θα μοιράζονται με οποιοδήποτε τρίτο μέρος ή διαφημιστής."
      },
      "stats":{
         "meta_description":"Περισσότερα από 100 διαφορετικά Bitcoin αγορά και τα στατιστικά στοιχεία του δικτύου. Ο αριθμός των κόμβων, ο όγκος των συναλλαγών, η δυσκολία των Ορυχείων και περισσότερο.",
         "notice2":"Για το κόστος του υλικού περιθώριο κέρδους εκτιμάται ότι θα είναι 1.000 δολάρια ανά gigahash κάθε 2 χρόνια, και $ 1 ανά gigahash εύρος ζώνης ανά έτος.",
         "notice1":"Η κατανάλωση ηλεκτρικής ενέργειας υπολογίζεται με βάση την κατανάλωση των 650 Watt ανά gigahash και η τιμή της ηλεκτρικής ενέργειας από 15 σεντ ανά κιλοβατώρα. Στην πραγματικότητα, μερικοί από τους ανθρακωρύχους θα είναι περισσότερο ή λιγότερο αποτελεσματική.",
         "period":"Όλες οι στατιστικές για την περίοδο των 24 ωρών πριν εκτός αν αναφέρεται διαφορετικά",
         "table":{
            
         }
      },
      "payment_request":{
         "p1":"Χρησιμοποιήστε αυτή τη φόρμα για να ζητήσετε από κάποιον να στείλει bitcoins ή απλά για να δείξουμε στους ανθρώπους που έχουν μια διεύθυνση Bitcoin.",
         "pay_me":"Με πληρώστε με Bitcoin",
         "please_send":"Παρακαλώ στείλετε την πληρωμή στη διεύθυνση Bitcoin"
      },
      "double_spends":{
         "warning":"Bitcoin πέρασε δύο φορές σε αυτές τις σελίδες μπορεί να μην είναι εκ προθέσεως. Bitcoin trnasaksi dafter πέρασε δύο φορές αναφέρονται σε αυτή τη σελίδα δεν είναι ένδειξη ότι ήταν επιτυχής ή έμπορος ή ο χρήστης χάνει χρήματα ως αποτέλεσμα."
      },
      "api_index":{
         "sub_header":"Εργαλεία για τον κύριο του έργου να αποκτήσει δεδομένα σχετικά με blockchain",
         "meta_description":"Blockchain παρέχει δωρεάν API για Bitcoin εμπόρους και τους προγραμματιστές.",
         "send_description":"Απλή χρήση JSON api μέσω προγραμματισμού στέλνετε και να λαμβάνετε bitcoins από Λογαριασμό My Wallet.",
         "exchange_rates_data":"Στοιχεία νομίσματος από τα μεγάλα χρηματιστήρια Bitcoin.",
         "receive_payments_description":"Ένα απίστευτα εύκολη μέθοδος για ιστοσελίδες για να λαμβάνετε τις πληρωμές Bitcoin.",
         "websocket_description":"Χαμηλής ροής λανθάνουσας κανάλι υποδοχή παρέχει στοιχεία για το νέο μπλοκ και της συναλλαγής. Εγγραφή παρατηρήσετε για το μπλοκ, η συναλλαγή ή η διεύθυνση και να λάβετε αντικείμενα JSON για να εξηγήσει τη συναλλαγή ή μπλοκ, όταν συμβαίνει ένα γεγονός.",
         "welcome_p1":"Εδώ θα βρείτε όλα όσα χρειάζεστε για να ξεκινήσετε κωδικοποίησης για Bitcoin. Μπορείτε να χρησιμοποιήσετε το API ή Blockchain.info",
         "up_time_description":"Blockchain.info χρησιμοποιώντας υψηλής διαθεσιμότητας συμπλέγματα βάση δεδομένων και εξειδικευμένο υλικό για μέγιστο χρονικό διάστημα και χαμηλό χρόνο απόκρισης.",
         "bitpay_description":"Blockchain συνιστούμε Bitpay - Παγκόσμιος ηγέτης στην Business Solutions Bitcoin. Bitpay προσφέρει μια ολοκληρωμένη λύση για την ολοκλήρωση της παραγγελίας, καθώς και αυτόματη μετατροπή τους σε τοπικό νόμισμα και την ενσωμάτωση με μια σειρά από λογισμικό καλάθι αγορών."
      },
      "block":{
         "meta_description":"Συναλλαγές που περιέχονται σε Bitcoin μπλοκ",
         "summary_table":{
            
         },
         "hash_table":{
            
         }
      },
      "startup_message":{
         
      },
      "translations_page":{
         "p1":"Blockchain.info τώρα διαθέσιμη σε 16 διαφορετικές γλώσσες Ωστόσο, η μετάφραση έχει γίνει κατά κύριο λόγο από τη μηχανή, χρειαζόμαστε τη βοήθειά σας για να προσφέρει μια καλύτερη μετάφραση.",
         "steps":{
            "_5":"Κάθε φράση του δημιουργείται αυτόματα το αρχείο δεν έχει νόημα να το αντιγράψετε σε ένα άλλο αρχείο και να διορθώσετε το σφάλμα.",
            "_8":"Συμπεριλάβετε τη διεύθυνση Bitcoin σας για μια γενναιοδωρία ή αν προτιμάτε να αλλάξετε το σύνδεσμο στην αρχική σελίδα για τη δική σας ιστοσελίδα"
         }
      },
      "relayed_by":{
         "warning":"Αυτή είναι η πρώτη διεύθυνση IP είναι ο πρώτος που θα ρελέ συναλλαγές που αφορούν την επιλεγμένη διεύθυνση. Αυτό δεν σημαίνει ότι είναι οι ιδιοκτήτες της συναλλαγής."
      },
      "ip_log":{
         "sub_header":"Κατάλογος των κόμβων Bitcoin blockchain.info έχει συνδεθεί στο παρελθόν.",
         "meta_description":"Μια λίστα όλων των διευθύνσεων IP που έχουν συνδεθεί με το δίκτυο Bitcoin."
      },
      "push_tx":{
         "p1":"Αυτή η σελίδα σας επιτρέπει να εισαγάγετε μια ακατέργαστη διαπραγμάτευση σε εξάγωνο (δηλαδή χαρακτήρες 0-9, af) τότε ελέγχεται ότι ήταν νομικά και μεταδίδονται μέσω του δικτύου."
      },
      "ads":{
         "bitinstant":{
            
         }
      },
      "propagation":{
         
      },
      "deposit":{
         "depsit_with_cash_description":"Πάνω από 700.000 Τοποθεσίες σε όλο τον κόσμο προκαταβολή μετρητοίς",
         "sms_p1":" Μόλις επαληθευτεί, η αγορά μπορεί να γίνει από ένα διαφορετικό αριθμό τηλεφώνου ή σταθερό τηλέφωνο",
         "please_verify":"Για να χρησιμοποιήσετε perkhidmatan μας {0} Παρακαλώ επιβεβαιώστε τον αριθμό του κινητού σας τηλεφώνου πρώτα.",
         "make_anonymous":"Κάνοντας συναλλαγές ανώνυμα;",
         "pingit_p1":"Αν δεν έχετε ακόμη ένα λογαριασμό Pingit, εύκολο set-up και την εφαρμογή μπορείτε να κατεβάσετε από το App Store για το έξυπνο τηλέφωνο σας.",
         "sofort_instructions":"Οι πληρωμές θα γίνονται με τη χρήση του σε απευθείας σύνδεση άμεση μεταφορά τράπεζας.",
         "anonymous_help":"Οι bitcoins θα σταλούν από μας για τη βελτίωση της ιδιωτικής ζωής μίξερ (1,5% Fee)",
         "pingit_instructions_2":"Οι πληρωμές πρέπει να αποστέλλονται από {0}.",
         "pingit_instructions_1":"Για να ολοκληρώσετε αυτό το σκοπό μπορείτε να στείλετε την πληρωμή {0} έως {1} με την αναφορά {2} Ελέγξτε τον αριθμό αναφοράς που να είναι προσεκτικοί."
      },
      "header":{
         
      },
      "errors":{
         
      },
      "notifications":{
         "wallet_welcome_title":"Καλώς ήρθατε στο My Wallet",
         "malformed_url":"Προσπαθώντας να στείλει ειδοποιήσεις μέσω email για τις αναπηρίες URL. Ανακοίνωση έχει απενεργοποιηθεί.",
         "confirmation_code_title":"My Wallet Κωδικός Επιβεβαίωσης",
         "password_hints_title":"Συμβουλές My Wallet τον κωδικό",
         "notifications_limit_body":"Έχετε φτάσει ειδοποίησή σας. Ανακοίνωση έχει απενεργοποιηθεί για 24 ώρες",
         "payment_sent_body":"Μια πληρωμή που έχει σταλεί από το πορτοφόλι σας Bitcoin της αξίας {0} (Περίπου: {1})",
         "sms_authentication_code":"My Wallet Κωδικός ταυτότητας: {0}",
         "payment_received_body":"Έχετε λάβει ένα Bitcoin πληρωμή της αξίας {0} (Περίπου: {1})"
      },
      "ip_info":{
         "sub_header":"Η συναλλαγή για πρώτη φορά διατυπώθηκε από ip {0}",
         "header":"Συναλλαγές που υποβάλλονται από {0}",
         "title":"Η συναλλαγή υποβλήθηκε από {0} - Blockchain.info"
      },
      "unconfirmed":{
         "sub_header":"Μείνετε ενημερωμένο κατάλογο των νέων συναλλαγών Bitcoin",
         "meta_description":"Μια ανεπιβεβαίωτη λίστα του Bitcoin συναλλαγών"
      },
      "wallet_new":{
         "password_strength_p1":"Χρειαζόμαστε έναν κωδικό πρόσβασης τουλάχιστον 10 χαρακτήρες για να εξασφαλίσει ότι ακόμη και αν διαταραχθεί πορτοφόλι βάση δεδομένων θα παραμείνουν ασφαλή. Μέσα σε 10 τον κωδικό του χαρακτήρα θα λάβει πάνω από 1000 χρόνια για να αποκρυπτογραφήσει.",
         "mnemonic_modal_p2":"Χωρίς τη μνημονική δεν μπορούμε να βοηθήσουμε ανακτήσει ξεχάσει τους κωδικούς πρόσβασης και θα οδηγήσει σε απώλεια του συνόλου του bitcoins σας.",
         "dont_forget_password_p1":"Δεδομένου ότι ο κωδικός δεν μοιράζεται μαζί μας είναι πολύ σημαντικό να θυμόμαστε ότι, εάν είναι απαραίτητο, να γράψει post-it τώρα. Δεν διαδικασία ανάκτησης κωδικού πρόσβασης!",
         "wallet_created_p1":"Νέο ηλεκτρονικό πορτοφόλι σας έχει δημιουργηθεί. Είναι σημαντικό να κρατήσετε τα δύο αναγνωριστικό σας πορτοφόλι και ο κωδικός είναι ασφαλή. Ήμασταν μόνο σε θέση να βοηθήσει ανακτήσει το χαμένο πορτοφόλι αναγνωριστικά, αν μας δώσετε μια έγκυρη διεύθυνση ηλεκτρονικού ταχυδρομείου. Δεν μπορεί να βοηθήσει ανακτήσει τους χαμένους κωδικούς πρόσβασης!",
         "title":"My Wallet"
      },
      "wallet_app":{
         "nav":{
            "home":"πορτοφόλι Κύρια σελίδα"
         },
         "transactions":{
            "sub_header":"Η περίληψη της τελευταίας συναλλαγής σας",
            "no_transactions":"Συνήθως Bitcoin συναλλαγές θα αναφέρονται εδώ, αλλά δεν κάνετε μια συμφωνία πια."
         },
         "title":"My Wallet",
         "import_export":{
            "import_wallet_formats":{
               
            },
            "desktop_sync_step2_p1":" Προκειμένου για τον browser σας για να μιλήσει με τον πελάτη επιφάνειας εργασίας σας θα πρέπει να ενεργοποιήσετε το διακομιστή RPC Bitcoin αρχείο bitcoin.conf. Αν το αρχείο δεν υπάρχει θα πρέπει να το δημιουργήσετε. Για παράδειγμα:",
            "brain_wallet_p1":"ένα πορτοφόλι του εγκεφάλου είναι η ναυαρχίδα του ιδιωτικού κλειδιού μνήμης φράση-pass Είναι δυνατόν να απομνημονεύσει τον κωδικό πρόσβασης για να αποκαταστήσει τη χρηματοδότηση σε αυτή τη διεύθυνση, χωρίς την ανάγκη να διατηρούμε το πορτοφόλι",
            "rpc":{
               "password_help":"Αν Bitcoin-Qt πορτοφόλι κρυπτογραφούνται εισάγετε τον κωδικό σας εδώ."
            },
            "import_backup_table":{
               
            },
            "advanced_warning_sub":"Αυτό το τμήμα σας επιτρέπει να κάνετε αλλαγές στο πορτοφόλι σας μπορεί να είναι μια περίπλοκη και σύγχυση. Συνιστάται στους χρήστες να Bitcoin βιώσει μόνο να προχωρήσει από εδώ. Πρέπει να έχετε μια κατανόηση του τι είναι το ιδιωτικό κλειδί και πώς αυτές συνδέονται με Bitcoin διεύθυνση.",
            "import_private_key_p1":"Εισαγωγή ενός ιδιωτικού κλειδιού που είναι κάτω. Υποστηρίζονται όλες οι μορφές ιδιωτικού κλειδιού.",
            "watch_only_p1":"Μπορείτε να προσθέσετε ένα {0} διεύθυνση Bitcoin στο πορτοφόλι σας. Δεν θα είναι σε θέση να στείλει bitcoins από αυτή τη διεύθυνση αργότερα, χωρίς να παρέχει το ιδιωτικό κλειδί",
            "installed_refresh_page":" Μετά την εγκατάσταση μπορείτε να ανανεώσετε αυτή τη σελίδα.",
            "desktop_sync_p1":"Αυτό το εργαλείο σας επιτρέπει να συγχρονίσετε το πορτοφόλι σας με την επίσημη desktop client είναι διαθέσιμη από Bitcoin.org.",
            "desktop_sync_step2_further_instructions":"Αφού έχετε τροποποιήσει το αρχείο επανεκκίνηση του Bitcoin εφαρμογή. Για περισσότερες πληροφορίες σχετικά με διεπαφή Bitcoin RPC για την πραγματοποίηση διαβουλεύσεων με {0}"
         },
         "login":{
            "lost_two_factor_p1":"Αν έχετε χάσει δύο παραγόντων στοιχεία ταυτότητας του πορτοφόλι σας μπορεί ακόμα να ανακτηθούν. Το μόνο που χρειαζόμαστε είναι η απόδειξη ότι είστε ο ιδιοκτήτης πειστική δικαιολογία μπορεί να δοθεί, συμπληρώνοντας τη φόρμα που συνδέεται παρακάτω.",
            "lost_identifier_p1":" Αν έχετε χάσει το πορτοφόλι σας αναγνωριστικό ελέγξτε πρώτα το email επιβεβαίωσης που λάβατε κατά την εγγραφή. Δεν μπορείτε να βρείτε το e-mail; Κάντε κλικ στο κουμπί παρακάτω και μπορούμε να σας στείλουμε ένα νέο.",
            "resend_link_p1":"Ένα μήνυμα ηλεκτρονικού ταχυδρομείου θα σταλεί από wallet@blockchain.info. Να είστε βέβαιος να ελέγξει το φάκελο ανεπιθύμητης αλληλογραφίας σας. Εάν και πάλι δεν μπορείτε να βρείτε το e-mail κάντε κλικ στο κουμπί παρακάτω για να το στείλετε πίσω.",
            "resend_sms_link_p1":"Παρακαλούμε ελέγξτε το σήμα του δικτύου σας. Τα μηνύματα μπορούν να διαρκέσει έως και 10 λεπτά για να παραδοθεί, αν είναι περισσότερο από 10 λεπτά κάντε κλικ στο κουμπί παρακάτω για να στείλει ξανά το μήνυμα.",
            "password_unrecoverable_warning":"Λέει τον κωδικό σας ποτέ δεν μοιράζεται με τον server μας και δεν μπορεί να ανακτηθεί αν ξεχαστεί!"
         },
         "account_settings":{
            "nav":{
               
            },
            "password_notice":"Λέει τον κωδικό σας ποτέ δεν μοιράζεται με τους διακομιστές μας σε οποιοδήποτε σχήμα ή μορφή. Αυτό σημαίνει ότι το πορτοφόλι σας θα εξακολουθεί να είναι ασφαλείς από την άποψη του server μας ήταν hacked. Αυτό μας εμποδίζει επίσης από το να βλέπουν το υπόλοιπο του λογαριασμού σας ή ιστορικό συναλλαγών.",
            "automatic_email_backups_description":"Ελέγξτε έξω αυτό το νέο αντίγραφο ασφαλείας για να λαμβάνετε ενημερώσεις αυτόματα όταν το πορτοφόλι σας:",
            "fee_policy_description":"Συναλλαγές Blockchain.info είναι δωρεάν. Αλλά το δίκτυο Bitcoin μπορεί να απαιτήσει επιπλέον χρεώσεις ανθρακωρύχοι που επηρεάζουν την ταχύτητα της συναλλαγής σας ελέγχεται και να βοηθήσει τη στήριξη του δικτύου. Η αλλαγή των παρακάτω ρυθμίσεων για να αλλάξετε τις προεπιλεγμένες ανθρακωρύχοι πολιτικής κόστος.",
            "my_wallet_verifier":"Επαληθευτή My Wallet",
            "http_notifications":"Http Ειδοποιήσεις",
            "logging_level_description":"Ελέγξτε το επίπεδο της υλοτομίας τα δεδομένα που καταγράφονται κατά το χρόνο των ενεργειών που λαμβάνονται με το πορτοφόλι σας. Από προεπιλογή καταγραφή είναι απενεργοποιημένη, ανεξάρτητα από τις δράσεις που έχουν αναληφθεί από τον διαχειριστή. Ενεργοποίηση προσφέρουν μεγαλύτερη ασφάλεια, παρέχοντας περισσότερες πληροφορίες σχετικά με τις δυνατότητες της μη εξουσιοδοτημένης πρόσβασης στο πορτοφόλι σας, αλλά κάποια προστασία της ιδιωτικής ζωής μπορεί να θυσιαστεί.",
            "forgot_password_warning_p2":"Κάθε ξεχασμένους κωδικούς πρόσβασης θα οδηγήσει στο πορτοφόλι σας γίνεται μη-προσβάσιμο. Δεν διαδικασία ανάκτησης κωδικού πρόσβασης!",
            "google_authenticator_warning":"Μπορεί να κλειδωθεί έξω από το λογαριασμό σας αν αφήσετε αυτή τη σελίδα χωρίς να εγκαταστήσετε την εφαρμογή για κινητά ή να απενεργοποιήσετε τον Επαληθευτή Google.",
            "restrict_to_ip_description":"Ενεργοποίηση αυτό για να περιορίσει την πρόσβαση στο πορτοφόλι σας σε μια συγκεκριμένη διεύθυνση IP ή πολλές διευθύνσεις χωρίζονται ip κόμματα. Μόνο επιτρέψει αυτό αν έχετε μια στατική διεύθυνση IP. Δεν θα είστε σε θέση να συνδεθείτε ή να έχουν πρόσβαση στο API από οποιονδήποτε υπολογιστή σε ένα συγκεκριμένο δίκτυο, αλλά και κινητές εφαρμογές θα συνεχίσουν να λειτουργία μετά την αντιστοίχιση.",
            "fee_policy_high_description":"Τέλη θα συσταθεί για να εξασφαλιστεί η συναλλαγή αποτελεί υψηλή προτεραιότητα (BTC 0.001 βάση χρέωση)",
            "always_keep_local_backup_description":"Επιλέξτε αυτήν την επιλογή για να αναγκάσει το πορτοφόλι αντιγράφων ασφαλείας είναι αποθηκευμένα σε τοπική αποθήκευση browser σας, ακόμη και όταν οι δύο-factor authentication είναι ενεργοποιημένο. Αν ενεργοποιηθεί ένας εισβολέας με πρόσβαση σε ένα πρόγραμμα περιήγησης θα είναι σε θέση να έλεγχο ταυτότητας δύο παραγόντων, αλλά αν το πορτοφόλι είναι προσβάσιμες χρησιμοποιώντας έναν άλλο υπολογιστή ή πρόγραμμα περιήγησης, προστατεύεται από έλεγχο ταυτότητας δύο παραγόντων.",
            "notifications_when":"Όταν το My Wallet",
            "local_currency_description":"Μπορείτε να αλλάξετε γρήγορα ανάμεσα bitcoins και τοπικό νόμισμα κάνοντας κλικ στο πάνω δεξιά ισορροπία.",
            "second_password_description":"Μπορείτε να ορίσετε προαιρετικά ένα δεύτερο κωδικό πρόσβασης θα απαιτηθεί όταν στέλνετε χρήματα από το λογαριασμό σας. Για μεγάλο πρόγραμμα περιήγησης στο πορτοφόλι μπορεί να σταματήσει να ανταποκρίνεται για μερικά λεπτά όταν αλλάζετε αυτήν την επιλογή.",
            "password_hints_description":"Αν έχετε ξεχάσει τον κωδικό σας (ες), οδηγίες μπορεί να είναι χρήσιμη για να βοηθήσει τη μνήμη σας Εάν η διεύθυνση ηλεκτρονικού ταχυδρομείου που σχετίζεται με το λογαριασμό σας, οι οδηγίες μπορούν να αποστέλλονται σε εσάς Αν δεν υπάρχει ηλεκτρονικού ταχυδρομείου που σχετίζεται με το λογαριασμό σας, οι οδηγίες είναι διαθέσιμες για.. όποιος ξέρει το αναγνωριστικό πορτοφόλι σας. ",
            "fee_policy_normal_description":"Ακολουθήστε το κόστος της πολιτικής προτείνεται από mainstream πελάτη Bitcoin.",
            "never_remember_two_factor_description":"Από προεπιλογή μετά την σύνδεση με το πρόγραμμα περιήγησης ταυτότητας δύο παραγόντων θα πρέπει να θυμόμαστε για ένα σύντομο χρονικό διάστημα που σας επιτρέπει να συνδεθείτε και πάλι, χωρίς εκ νέου έλεγχο ταυτότητας. Ελέγξτε το παρακάτω πλαίσιο εάν θέλετε να απενεργοποιήσετε αυτήν τη συμπεριφορά και απαιτούν την πλήρη πιστοποίηση κάθε φορά.",
            "fee_policy":"Προεπιλογή Πολιτική αμοιβή",
            "integrity_check_description":"Έλεγχοι όλα τα πλήκτρα στο πορτοφόλι σας ταιριάζει με τη σωστή διεύθυνση Bitcoin και την εκ νέου κρυπτογραφεί το πορτοφόλι σας. Αυτό μπορεί να διαρκέσει μεγάλο χρονικό διάστημα σε ορισμένα προγράμματα περιήγησης."
         },
         "modals":{
            "verify_result":"Αυτό το μήνυμα έχει υπογραφεί από τη διεύθυνση {0}. Μήπως αυτό ταιριάζει με τη διεύθυνση που σας περιμένει;",
            "add_watch_only_address_p3":"Αν δεν είναι σαφείς σχετικά με τις διαφορές μεταξύ Bitcoin διεύθυνση και ένα ιδιωτικό κλειδί, τότε αυτό είναι πιθανόν να μην είναι μια επιλογή που θέλετε.",
            "miners_fee_recommended":"Ανθρακωρύχοι αμοιβή Προτεινόμενα",
            "watch_only_warning_p2":"{0} διεύθυνση σημαίνει ότι μπορείτε να παρατηρήσετε μόνο τις συναλλαγές σε αυτή τη διεύθυνση Αν δεν έχετε ένα ιδιωτικό κλειδί αποθηκεύεται κάπου αλλού τότε δεν έχετε τα κεφάλαια σε αυτή τη διεύθυνση",
            "watch_only_warning_p3":"Αν δεν έχετε ένα πορτοφόλι ή άλλο χαρτί ασφαλείας δεν χρειάζεται να τραβήξει το νόμισμα σε αυτή τη διεύθυνση ή εντολή στους ανθρώπους να στέλνουν τα κέρματα σε αυτή τη διεύθυνση",
            "add_fee":"Προσθήκη αμοιβή",
            "compressed_private_key_p1":"Συμπιεσμένο ιδιωτικού κλειδιού δεν υποστηρίζεται προς το παρόν τη χρήση του Android app, iPhone app ή API Εμπορικής. Αν εισαγάγετε ένα ιδιωτικό κλειδί άμεσα συμπιεσμένο δεν θα είστε σε θέση να δαπανήσουν χρήματα για τη χρήση της διεύθυνσης που αναφέρονται προηγουμένως.",
            "claim_zero_balance":"Το υπόλοιπο αυτής της διεύθυνσης Bitcoin είναι μηδέν. Η πληρωμή μπορεί να έχει ήδη ζητηθεί ή η συναλλαγή ανατράπηκε από τον αποστολέα.",
            "login_to_my_wallet":"Είσοδος στο My Wallet",
            "watch_only_warning_p1":"Θα λάβετε αυτή την προειδοποίηση, γιατί θα πρέπει να αντιγράψετε τη διεύθυνση {0} στο πρόχειρο",
            "claim_to_desktop":"Εισάγετε τη διεύθυνση του Bitcoin desktop client σας:",
            "compressed_private_key_p2":"Η προτεινόμενη λύση είναι να σαρώσει τα κεφάλαια σε μια υπάρχουσα διεύθυνση Bitcoin. Θα θέλατε να σαρώσει αυτό το ιδιωτικό κλειδί αντ 'αυτού;",
            "claim_p1":"Παρακαλώ επιλέξτε μία από τις παρακάτω επιλογές για να διεκδικήσει bitcoins σας. Μέχρι ο αποστολέας φέρεται να είναι σε θέση να αντιστρέψει την πληρωμή.",
            "ask_for_anonymous_p1":"Εμείς μίξερ Bitcoin χρειάζονται τα νομίσματά σας. Αποστολή ανώνυμων συναλλαγών και να πάρετε% μπόνους {0} ({1} BTC θα σταλεί πίσω στην διεύθυνση επιστροφής). Η συναλλαγή αυτή θα υπόκειται σε καθυστέρηση περίπου {2}.",
            "sign_message_sub":"Χρησιμοποιήστε αυτό το εργαλείο για να υπογράψει ένα μήνυμα για να αποδείξετε ότι έχετε τη διεύθυνση. Απλά Εγγραφείτε Λεπτομέρεια Μήνυμα σας συμφωνώ απόλυτα με, ποτέ δεν υπέγραψε μια ασαφή μήνυμα. Πατώντας Εγγραφή Μήνυμα μπορεί να προκαλέσει browser σας για να σταματήσει να ανταποκρίνεται για μερικά δευτερόλεπτα.",
            "password_change_p1":"Ο κωδικός πρόσβασής σας θα ενημερωθεί σύντομα. Να είστε βέβαιος να σημειώσετε τον νέο κωδικό πρόσβασης, επειδή δεν μπορεί να ανακτηθεί εάν ξεχαστεί! Εάν έχετε ένα αντίγραφο ασφαλείας των κρυπτογραφημένων πορτοφόλι θα είναι δυνατόν να αποκρυπτογραφήσει τους χρησιμοποιώντας τον παλιό κωδικό πρόσβασής σας, θα πρέπει να διαγράψετε ένα αντίγραφο ασφαλείας.",
            "private_key_needed_p1":"Η δράση αυτή απαιτεί το ιδιωτικό κλειδί του Bitcoin διεύθυνση {0}. Παρακαλώ εισάγετε το ιδιωτικό κλειδί κάτω.",
            "verify_message_p1":"Χρησιμοποιήστε αυτό το εργαλείο για να επιβεβαιώσετε ότι το μήνυμα που υπεγράφη από τον ιδιοκτήτη του μια συγκεκριμένη διεύθυνση Bitcoin",
            "ask_for_anonymous_warning":"Μην αποδέχεστε αν θέλετε να λαμβάνετε πληρωμές πίσω στην διεύθυνση επιστροφής. Η συναλλαγή δεν είναι συμβατή με SatoshiDICE ανώνυμο, Bitcoin BitLotto και πολλά άλλα παιχνίδια."
         },
         "wallet_home":{
            "account_settings_description":"Επεξεργαστείτε τις ρυθμίσεις για το λογαριασμό σας, συμπεριλαμβανομένης της ηλεκτρονικής διεύθυνσης, και τον κωδικό πρόσβασής σας ρυθμίσεις ειδοποίησης.",
            "backup_description":"Δημιουργήστε αντίγραφα ασφαλείας πορτοφόλι σας είναι ένα κρίσιμο βήμα ξεχνιέται εύκολα Blockchain.info λάβει όλα τα προληπτικά μέτρα για να κρατήσει το πορτοφόλι σας ασφαλή, αλλά είναι πάντα καλύτερο να κρατήσει ένα τοπικό αντίγραφο μόνο σε περίπτωση",
            "withdraw_description":"Χρησιμοποιήστε την υπηρεσία παρακάτω για να μετατρέψει bitcoins πίσω στο τοπικό σας νόμισμα.",
            "deposit_description":"Ο γρηγορότερος και ευκολότερος τρόπος για να καταθέσετε bitcoins στο λογαριασμό σας είναι να χρησιμοποιήσετε την υπηρεσία κάτω."
         },
         "success":{
            "alias_updated":"Alias ενημερώθηκε επιτυχώς",
            "saved_to_dropbox":"Πορτοφόλι με επιτυχία αποθηκεύονται στο dropbox Τώρα μπορείτε να κλείσετε αυτό το παράθυρο",
            "saved_to_google_drive":"Πορτοφόλι με επιτυχία αποθηκεύονται στο Google Drive. Μπορείτε να κλείσετε τώρα αυτό το παράθυρο",
            "two_factor_reset_request_submitted":"Δύο αιτήσεις ελέγχου ταυτότητας Factor Εγκρίθηκε Αίτηση επαναφοράς θα επανεξεταστεί σύντομα."
         },
         "receive_money":{
            "sub_header":"Λαμβάνει τις διευθύνσεις σας Bitcoin",
            "anonymous_addresses_description":"Η πληρωμή έλαβε η ανώνυμη διεύθυνση θα διαβιβαστεί στη διεύθυνση στο πορτοφόλι σας Οποιεσδήποτε πληρωμές που θα σταλεί μέσω του μίξερ για να απομονώσει την προσωπική πορτοφόλι σας του αποστολέα Συναλλαγές έλαβε η ανώνυμη διεύθυνση δεν μπορεί να συνδεθεί με ένα κανονικό πορτοφόλι.",
            "sweep_keys_tooltip":"Μετακινήστε οποιαδήποτε bitcoins στις επιλεγμένες κλειδιά σε μια διαφορετική διεύθυνση Bitcoin.",
            "archived_addresses_description":"Διεύθυνση διεύθυνσή σας μπορούν να αρχειοθετηθούν δεν είναι πλέον κρυφό από την κύρια προβολή, αλλά ακόμα μέρος του το πορτοφόλι σας, μπορείτε να un-αρχείο τους, ανά πάσα στιγμή, κάνοντας κλικ στο μπλε εικονίδιο.",
            "anonymous_addresses_description2":"Κάντε κλικ εδώ για να δημιουργήσετε μια νέα διεύθυνση Bitcoin Μπορείτε να ξεκινήσετε την αποδοχή bitcoins σε αυτή τη διεύθυνση αμέσως"
         },
         "send_coins":{
            "btcdice_sub":"{0} - Επιλέξτε τις πιθανότητες, στοιχήματα και να λάβετε μέρος κέρδη πίσω σε ένα θέμα δευτερολέπτων.",
            "send_payment_tooltip":"Κάντε κλικ εδώ για να στείλετε τις πληρωμές σας δεν θα κληθούν να επανεξετάσουν τη συναλλαγή.",
            "send_via_email_sub":"Χρησιμοποιήστε την παρακάτω φόρμα για να στείλετε το Bitcoin σε μια διεύθυνση ηλεκτρονικού ταχυδρομείου.",
            "send_via_sms_sub":"Χρησιμοποιήστε την παρακάτω φόρμα για να στείλετε μέσω SMS Bitcoin του.",
            "email_address_tooltip":"Αυτή είναι η διεύθυνση ηλεκτρονικού ταχυδρομείου του ατόμου που θέλετε να στείλετε στο bitcoins.",
            "add_recipient_tooltip":"Αν θέλετε να στείλετε σε πολλούς παραλήπτες ταυτόχρονα bitcoins Κάντε κλικ εδώ για να προσθέσετε μια άλλη διεύθυνση",
            "send_anonymously_sub":"Χρήση Δημοσίευση Ανώνυμος να εξασφαλιστεί η συναλλαγή δεν μπορούν να εντοπιστούν μεταξύ του αποστολέα και του παραλήπτη.",
            "send_via_facebook_sub":"Χρησιμοποιήστε την παρακάτω φόρμα για να στείλετε το Bitcoin σε ένα φίλο facebook.",
            "miners_fee":"Ανθρακωρύχοι αμοιβή",
            "quick_send_sub":"Χρησιμοποιήστε την παρακάτω φόρμα για να στείλετε μια πληρωμή σε μια διεύθυνση Bitcoin.",
            "address_book_sub":"Το βιβλίο διευθύνσεων περιέχει μια λίστα με τη διεύθυνση αποστολής Μπορείτε να το χρησιμοποιήσετε για να αποθηκεύσετε Bitcoin διευθύνσεις των ανθρώπων που γνωρίζουν ή ενός εμπόρου που χρησιμοποιείτε συχνά.",
            "miners_fee_tooltip":"Αυτό το τέλος θα αποσταλεί στους ανθρακωρύχους Bitcoin και μπορεί να βοηθήσει συναλλαγή σας να υποβάλλονται σε επεξεργασία γρηγορότερα",
            "custom_transaction_sub":"Χρησιμοποιήστε την παρακάτω φόρμα για να στείλετε μια πληρωμή σε μία ή περισσότερες διευθύνσεις Bitcoin. Θα σας ζητηθεί επανεξέταση συναλλαγή σας πριν από την υποβολή.",
            "not_affiliated":"BΔεν Blockchain.info συνδεδεμένες με {0}.",
            "satoshi_dice_sub":"{0} είναι το πιο δημοφιλές Bitcoin ενός παιχνιδιού στοιχημάτων Κερδίστε μέχρι 64.000 φορές το στοίχημά σας, δικαίωμα Όλα τα στοιχήματα μπορεί να ελεγχθεί με τη χρήση blockchain."
         },
         "errors":{
            "two_factor_authentication_request_declined":"Δύο παράγοντα αίτηση ελέγχου ταυτότητας απορρίπτεται Επαναφορά",
            "invalid_alias":"Alias Must Be Αλφαριθμητικό",
            "alias_too_long":"Alias μπορεί να είναι μια macimum από 25 χαρακτήρες",
            "two_factor_enabled_email_not_verified":"Δύο ταυτότητας Factor είναι ενεργοποιημένη, αλλά δεν έχετε επαληθεύσει email σας.",
            "email_updated_eror_sending_link":"Στείλτε ενημέρωση. Αλλά αντιμετώπισε ένα σφάλμα κατά την αποστολή σύνδεσμο επιβεβαίωσης.",
            "error_alias_taken":"Alias που έχουν ήδη ληφθεί"
         },
         "tooltips":{
            "balance":{
               "tip":"Δείχνει Bitcoin ισορροπία σας πορτοφόλι σας μπορεί να μην είναι σε θέση να δαπανήσει αυτό το ποσό μέχρι η συναλλαγή επιβεβαιωθεί."
            },
            "connection_status":{
               "tip":"Αν αποσυνδεθεί θα χρειαστεί να ανανεώσετε τη σελίδα για να δείτε μια νέα συναλλαγή Όταν συνδεθεί συναλλαγές θα εμφανιστεί άμεσα."
            }
         }
      },
      "wallet_forgot_identifier":{
         "p1":"Αν δεν έχετε ένα μήνυμα ηλεκτρονικού ταχυδρομείου που σχετίζεται με το λογαριασμό σας, παρακαλούμε επικοινωνήστε μαζί μας ({0}) με τις πληροφορίες που μπορείτε να δώσετε το όνομα χρήστη όπως το Skype, το Google Talk ονόματα χρηστών, φράσεις ή ψευδώνυμο."
      },
      "rejected":{
         "sub_header":"Συναλλαγές και συγκροτήματα που έχουν απορριφθεί από τον κόμβο Bitcoin μας."
      },
      "footer":{
         
      },
      "webgl_globe":{
         
      },
      "hub_nodes":{
         "sub_header":"Δείχνει τον κόμβο που έχει παραδοθεί το πρώτο blockchain.info συναλλαγή. Ο κόμβος σε αυτή τη σελίδα συχνά συνδέεται καλά κόμβους κομβικό σημείο για τους εμπόρους ή τους ανθρακωρύχους.",
         "meta_description":"Η διεύθυνση IP του κόμβου συναλλαγές Bitcoin που μεταδίδουν τα περισσότερα blockchain.info"
      },
      "emails":{
         "tx":{
            "sent_p1":"Η πληρωμή έχει σταλεί από Bitcoin πορτοφόλι σας.",
            "received_p1":"Η πληρωμή έχει ληφθεί σε Bitcoin πορτοφόλι σας."
         },
         "confirmation_code":{
            "p1":"Έγινε προσπάθεια για να συνδεθείτε στο λογαριασμό μου πορτοφόλι σας από την IP διεύθυνση {0}. Εισάγετε τον κωδικό επιβεβαίωσης παρακάτω για να αποκτήσετε πρόσβαση στο λογαριασμό σας. Αν δεν ήσουν εσύ, που έκανε αυτήν την προσπάθεια σύνδεσης, μπορείτε να αγνοήσετε αυτό το μήνυμα."
         },
         "account_locked":{
            "p2":"Αν η προσπάθεια σύνδεσης δεν γίνεται από εσάς θα πρέπει να αλλάξετε τον κωδικό πρόσβασής σας το συντομότερο ο λογαριασμός είναι διαθέσιμα και πάλι. Αν σας ενδιαφέρει παρακαλούμε επικοινωνήστε μαζί μας και εμείς θα επεκτείνει το κλειδί."
         },
         "two_factor_reset_request":{
            "p1":"Η αίτηση έχει υποβληθεί για την αφαίρεση των δύο παράγοντα ελέγχου ταυτότητας από το λογαριασμό πορτοφόλι μου:",
            "p2":"Εάν η αίτηση γίνεται με σας παρακαλώ ανοίξτε την παρακάτω διεύθυνση URL για να εγκρίνει αυτό το αίτημα:",
            "p3":"Εάν αυτό το αίτημα δεν έγινε από σας παρακαλώ ανοίξτε την παρακάτω διεύθυνση URL για να απορρίψει αυτό το αίτημα:",
            "p4":"Αυτό είναι κάποιος που μπορεί ενδεχομένως να προσπαθήσετε να αποκτήσετε πρόσβαση πορτοφόλι Bitcoin σας παρακαλώ μην αγνοήσετε το αίτημα αυτό."
         },
         "tip_backup":"Δημιουργία αντιγράφων ασφαλείας Bitcoin πορτοφόλι σας, χρησιμοποιώντας dropbox. Είναι δωρεάν, εύκολο στη χρήση και ασφαλή.",
         "password_hints":{
            "header":"Συμβουλές My Wallet τον κωδικό"
         },
         "welcome":{
            "p1":"Αυτό το email περιέχει σημαντικές πληροφορίες σχετικά με το νέο πορτοφόλι Bitcoin σας. Να είστε βέβαιος να κρατήσει το χρηματοκιβώτιο και να αποθηκεύονται χωριστά από τον κωδικό πρόσβασής σας.",
            "header":"Καλώς ήρθατε στο My Wallet"
         },
         "wallet_backup":{
            "p1":"Συνδεδεμένο με αυτό το e-mail είναι ένα πορτοφόλι AES κρυπτογραφημένων αντιγράφων ασφαλείας που περιέχει όλα όσα χρειάζεστε για να αποκατασταθεί η ισορροπία Bitcoin σας. Μπορείτε να το χρησιμοποιήσετε για να επαναφέρετε το πορτοφόλι σας ανά πάσα στιγμή σε {0} ή χρησιμοποιήστε ένα 3ο κόμμα desktop client {1}."
         }
      },
      "transactions_summary":{
         
      },
      "export_history":{
         
      },
      "wallet_index":{
         "p1":"My Wallet είναι ένα δωρεάν online πορτοφόλι Bitcoin που μπορείτε να χρησιμοποιήσετε για να κάνετε τις πληρωμές σε όλο τον κόσμο δωρεάν. Κάνουμε πληρώνουν με bitcoins εύκολα και με ασφάλεια διαθέσιμα οπουδήποτε στο κινητό σας ή στην επιφάνεια εργασίας.",
         "slides":{
            "charts_analytics_p1":"Δημιουργήστε διαγράμματα και τις εκθέσεις για τις συναλλαγές Bitcoin πρόσφατα. Δείτε τα υπόλοιπα των λογαριασμών σας από καιρό σε καιρό, ο αριθμός των συναλλαγών και των εσόδων ανά ημέρα.",
            "double_encryption_p1":"Πριν Bitcoin πορτοφόλι σας είναι αποθηκευμένο σε διακομιστές μας είναι κρυπτογράφηση AES 256 Bit στον browser σας. Λέει τον κωδικό σας ποτέ δεν μοιράζεται μαζί μας έτσι ώστε να μην μπορεί να ανοίξει ακόμη και το πορτοφόλι σας. Όχι μόνο αυτό, αλλά το πορτοφόλι σας μπορεί προαιρετικά να κρυπτογραφούνται και πάλι με ένα δεύτερο κωδικό απαιτεί έναν κωδικό πρόσβασης για να συνδεθείτε και κωδικούς πρόσβασης χωριστά για να κάνουν τις συναλλαγές. Αν αυτό δεν ήταν αρκετό για να υποστηρίξει επίσης μια ποικιλία από δύο παραγόντων συμπεριλαμβανομένων των μεθόδων ελέγχου ταυτότητας Yubikeys Mt.Gox.",
            "one_click_backups_p1":"Κάνουμε κάθε δυνατή προσπάθεια για να κρατήσει το πορτοφόλι σας με ασφάλεια αντίγραφα ασφαλείας. Όμως, δεν υπάρχει υποκατάστατο για την κατοχή ενός αντιγράφου ασφαλείας στον δικό σας υπολογιστή. Με το πάτημα ενός κουμπιού μπορείτε να έχετε κρυπτογραφημένα πορτοφόλι σας για να σας αποσταλεί μέσω ηλεκτρονικού ταχυδρομείου, αποθηκεύονται σε ένα λογαριασμό dropbox ή αποθηκεύονται τοπικά. Στη συνέχεια, ακόμη και αν blockchain.info υποστεί απώλεια δεδομένων ή βγείτε εκτός σύνδεσης για να έχετε πρόσβαση ακόμα τα χρήματά σας.",
            "payment_notifications_p1":"Λήψη ειδοποίησης κάθε φορά που μια πληρωμή που αποστέλλονται ή λαμβάνονται από το πορτοφόλι σας Bitcoin. Μέσος όρος προθεσμίες κοινοποίησης των πληρωμών είναι λιγότερο από 50ms. Εάν λάβετε μια πληρωμή, ενώ είστε συνδεδεμένοι σε ήχο My Wallet θα παίξει και η διασύνδεση θα ενημερώνεται άμεσα, χωρίς την ανάγκη για νέα φόρτωση της σελίδας."
         },
         "p2":"Δεν είμαστε μια τράπεζα, θα διατηρήσει την πλήρη κυριότητα των χρημάτων σας Δεν μπορούμε να δούμε τις ισορροπίες σας, οι συναλλαγές θέα, ή να κάνει πληρωμές εκ μέρους σας.",
         "control":{
            "p1":"Η ομορφιά του Bitcoin είναι ότι είναι πλήρως αποκεντρωμένη, καμία κυβέρνηση ή εταιρεία μπορεί να εμποδίσει ή να καταργήσει λογαριασμό πληρωμών",
            "p2":"Με το My Wallet θα διατηρήσει τον πλήρη έλεγχο της σας",
            "p4":"πορτοφόλια σημαίνει ότι δεν μπορούν να κατασχεθούν ή να αποκλειστεί και μπορούν να εισάγονται στην επιφάνεια εργασίας του υπολογιστή-πελάτη Bitcoin."
         },
         "easy":{
            "p1":"Χρησιμοποιώντας το My Wallet δεν είναι διαφορετική από τη χρήση"
         },
         "confused":{
            
         },
         "meta_description":"My Wallet είναι ένα δωρεάν online πορτοφόλι Bitcoin που μπορείτε να χρησιμοποιήσετε για να κάνετε τις πληρωμές σε όλο τον κόσμο δωρεάν. Κάνουμε πληρώνουν με bitcoins εύκολα και με ασφάλεια.",
         "features":{
            "p1":"Το πιο προηγμένο ηλεκτρονικό πορτοφόλι Bitcoin διαθέσιμα."
         },
         "security":{
            "p1":"Blockchain.info πρότυπο χρησιμοποιώντας τη βιομηχανία",
            "p2":"κρυπτογράφηση για να προστατεύσει το πορτοφόλι σας από τους κλέφτες και τους χάκερ Amazing μέρος είναι όλα γίνονται κρυπτογράφηση στο πρόγραμμα περιήγησής σας, πριν να είναι αποθηκευμένα στους διακομιστές μας, έτσι ώστε δεν έχουμε καν πρόσβαση στο λογαριασμό σας!",
            "p3":"πορτοφόλι μου είναι χτισμένο σε Bitcoin ασφάλειας παρέχοντας μια σειρά από χαρακτηριστικά για να σας βοηθήσει να κρατήσετε τα χρήματά σας ασφαλή, χωρίς αποκλεισμούς"
         },
         "anonymous":{
            "p1":"Το μόνο που χρειαζόμαστε είναι ο κωδικός πρόσβασης για το λογαριασμό, δεν απαιτούνται προσωπικά στοιχεία. Δεν μπορούμε να δούμε το δημόσιο κλειδί σας, δείτε συναλλαγές, ή να ελέγξετε την ισορροπία σας.",
            "p2":"My Wallet περιλαμβάνει επίσης ένα ενσωματωμένο"
         },
         "deposit":{
            "p1":"Κατάθεση Bitcoins άμεσα υπόψη το My Wallet σε δευτερόλεπτα μέσω τραπεζικού εμβάσματος, προκαταβολή μετρητοίς, Barclays Pingit ή τηλεφώνου χρέωσης Διατίθεται σε ΗΠΑ, Βρετανία και άλλες 100 χώρες σε όλο τον κόσμο"
         },
         "create_my_free_wallet":"Δημιουργήστε δωρεάν το My Wallet",
         "merchants":{
            "p1":"Του 1000 των Εμπόρων δέχονται ήδη σε όλο τον κόσμο Bitcoin με νέες ενώνει καθημερινά. Τα πάντα, από online πόκερ για Βιολογικά Καφές εσείς το όνομα μπορείτε να το αγοράσετε με bitcoins.",
            "p2":"Ο πλήρης κατάλογος των Bitcoin έμποροι μπορούν να βρεθούν σχετικά με την"
         },
         "tooltips":{
            "remote_backup":"Απομακρυσμένη δημιουργία αντιγράφων ασφαλείας είναι όταν το πορτοφόλι σας είναι αποθηκευμένα σε μια ξεχωριστή τοποθεσία, εκτός από τοπικό υπολογιστή σας. Είναι σημαντικό να βεβαιωθείτε ότι τα χρήματά σας δεν χάνεται σε περίπτωση βλάβης του σκληρού δίσκου ή άλλη δυσλειτουργία του υπολογιστή",
            "offline_transactions":"Bitcoin συναλλαγές offline συναλλαγές που πραγματοποιούνται χωρίς ενεργή σύνδεση στο internet. Θεωρούνται πιο ασφαλές το PC σας έχει απομονωθεί από το διαδίκτυο.",
            "aes":"Μια πολύ ισχυρή πρότυπα κρυπτογράφησης και εγκρίθηκε από την κυβέρνηση των ΗΠΑ και χρησιμοποιούνται σε όλο τον κόσμο για VPN και άλλες κρυπτογραφημένη επικοινωνία"
         }
      },
      "misc":{
         "disclaimer":"Οποιαδήποτε χρήση του όρου χρήματα σε αυτή την ιστοσελίδα αναφέρεται σε εικονικό νόμισμα μόνο Δεν μπορούμε να εγγυηθούμε ότι οι bitcoins μπορούν να εξαγοραστούν με την τιμή αγοράς."
      },
      "error_page":{
         
      },
      "wallet":{
         "new_users_p1":"Κάντε μια νέα Bitcoin πορτοφόλι παίρνει κυριολεκτικά λίγα δευτερόλεπτα θα είναι σε θέση να στέλνουν και να λαμβάνουν τις πληρωμές αμέσως.",
         "my_wallet":"My Wallet",
         "existing_users_p1":"Αν έχετε δημιουργήσει ένα λογαριασμό My Wallet κάντε κλικ παρακάτω για να συνδεθείτε."
      },
      "address":{
         "meta_description":"Συναλλαγές σταλούν και να ληφθούν από τη διεύθυνση Bitcoin",
         "invalid_address":"Συγνώμη αυτό δεν είναι μια έγκυρη διεύθυνση Bitcoin",
         "no_transactions":"Δεν βρέθηκαν συναλλαγές για την αντιμετώπιση αυτού, αυτός δεν μπορεί ποτέ να χρησιμοποιηθεί στο δίκτυο ακόμα.",
         "table_summary":{
            
         },
         "double_spend_warning":"Προσοχή! Bitcoin διεύθυνση περιέχει τις συναλλαγές που μπορούν να διπλασιάσουν τις δαπάνες. Θα πρέπει να είμαστε πολύ προσεκτικοί όταν εμπιστεύεται σε κάθε συναλλαγή ή από αυτή τη διεύθυνση.",
         "table_transactions":{
            "number_of_transactions":"Αριθμός συναλλαγών"
         }
      },
      "blocks":{
         
      },
      "home":{
         "other_links":{
            "nodes2":"Η καταγραφή όλων των blockchain.info Bitcoin κόμβους έχει συνδεθεί με",
            "wallet":"My Wallet",
            "pools2":"Διάγραμμα που δείχνει το μερίδιο αγοράς της στην πισίνα εξόρυξης Bitcoin",
            "orphaned2":"Ισχύει μπλοκ δεν αποτελούν μέρος της κύριας αλυσίδας Bitcoin",
            "notifications2":"Λάβετε δωρεάν ειδοποιήσεις μέσω ηλεκτρονικού ταχυδρομείου όταν υπάρχει δραστηριότητα στην διεύθυνση Bitcoin σας",
            "double_spends2":"Συναλλαγές περιμένουν να περιλαμβάνονται στο μπλοκ",
            "address_tags2":"Κολλήστε δημόσιες διευθύνσεις Bitcoin σας.",
            "hub_nodes2":"Μια λίστα με τα πιο καλά συνδεδεμένο Bitcoin σούπερ κόμβους",
            "globe2":"WebGL κόσμο δείχνει κόμβους Bitcoin (Απαιτεί Chrome, Safari)"
         },
         "sub_header":"Πιο πρόσφατα ναρκοθετημένες μπλοκ στην αλυσίδα μπλοκ Bitcoin",
         "meta_description":"Bitcoin Block Explorer & Στατιστικά νομίσματος. Δείτε λεπτομερείς πληροφορίες σχετικά με όλες τις συναλλαγές Bitcoin και μπλοκ.",
         "search_explain":"Μπορείτε να εισάγετε το ύψος μπλοκ, διεύθυνση, μπλοκ hash, hash συναλλαγές, hash160, ή IPv4 διεύθυνση ...",
         "table_headers":{
            
         },
         "about":{
            "p1":"Bitcoin είναι το νόμισμα του peer-to-peer. Peer-to-peer σημαίνει ότι δεν κεντρική αρχή εκδίδει νέο χρήμα ή κομμάτια συναλλαγές. Τα καθήκοντα αυτά διαχειρίζονται συλλογικά από το δίκτυο.",
            "p2":"Αυτή η ιστοσελίδα σας επιτρέπει να περιηγηθείτε blockchain Bitcoin (μια βάση δεδομένων που αποθηκεύει πληροφορίες σχετικά με όλες τις συναλλαγές). Θα λειτουργεί επίσης το μεγαλύτερο και πιο ασφαλή πορτοφόλι ότι Bitcoin.",
            "p3":"Για μια εισαγωγή στην Bitcoin παρακαλούμε δείτε {0}"
         },
         "header":"Κύρια σελίδα",
         "latest_transactions":"Πρόσφατες συναλλαγές"
      },
      "tx_tree":{
         "meta_description":"Ένα δέντρο γράφημα δείχνει την έξοδο του Bitcoin συναλλαγών {0}"
      },
      "strange_transactions":{
         "sub_header":"Οι συναλλαγές που περιλαμβάνουν την παραγωγή των οποίων δεν είναι σε θέση να αποκωδικοποιήσουν το Bitcoin διεύθυνση.",
         "meta_description":"Μια λίστα με Bitcoin μη τυποποιημένων εξόδους"
      },
      "maintenance":{
         "p1":"Blockchain.info τη στιγμή εκτός λειτουργίας για συντήρηση. Για ενημερώσεις κατάστασης παρακαλούμε δείτε το {0}. Συγνώμη για την ταλαιπωρία.",
         "header":"Θα επιστρέψει"
      },
      "transaction":{
         
      },
      "orphaned_blocks":{
         "meta_description":"Ορφανά μπλοκ είναι ένα αποτέλεσμα μπλοκ δεν είναι μέρος ενός μπλοκ αλυσίδα κύρια Bitcoin.",
         "p1":"Μπλοκάρει ή να μπλοκάρουν νόμιμο Yatim είναι ότι δεν αποτελεί μέρος της κύριας αλυσίδας. Μπορούν να εμφανιστούν φυσικά, όταν δύο ανθρακωρύχοι παράγουν μπλοκ κατά την ίδια στιγμή ή μπορεί να προκληθεί από έναν εισβολέα (με αρκετή hashing δύναμης) για να προσπαθήσει να αντιστρέψουν τη συναλλαγή."
      }
   },
   "name":"Greek",
   "native_name":"Ελληνικά",
   "properties":{
      "extends":"auto_greek"
   }
}