{
   "flag":"ro.png",
   "code":"ro",
   "strings":{
      "unconfirmed":{
         "sub_header":"Trai lista actualizarea noi tranzactii bitcoin",
         "meta_description":"Lista de tranzactii bitcoin neconfirmate",
         "new_transaction":"Noua tranzactie",
         "total_size":"Dimensiune totala",
         "header":"{0} Tranzactii neconfirmate",
         "title":"{0} Tranzactii neconfirmate"
      },
      "wallet_new":{
         "password_strength_p1":"Este nevoie de o parola de cel putin 10 de caractere în lungime pentru a ne se asigura ca, chiar daca baza noastra de date este compromisa portofelul dumneavoastra va ramâne securizat. O parola de 10 caractere în lungime va avea nevoie de peste 1000 de ani pentru a fi  decriptata.",
         "dont_forget_password_p1":"Este foarte important sa nu uitati parola, daca este necesar, scieti-o undeva sigur, o agenda, spre exemplu. ATENTIE!!! Nu exista nici un mijloc prin care parola dvs poate fi recuperata.",
         "header1":"Creati un portofel nou.",
         "dont_forget_password":"Nu uitati parola!",
         "optional":"Optional",
         "anonymity_policy":"Politica de confidentialitate",
         "fav_recommendation":"Este recomandat sa adaugati acesta la favorite acum.",
         "password_strength":"Forta parola",
         "wallet_created_p1":"Portofelul dvs, nou, on-line a fost creat cu succes. Este important sa pastrati atât id-ul Dvs. si parola în conditii de siguranta maxima. Avem posibilitatea de a ajuta la recuperarea si identificare portofelului pierdut, daca ne furnizati o adresa de e-mail valida. Altfel suntem în imposibilitatea de a ajuta la recuperarea parolelor pierdute!",
         "sub_header1":"Pur si simplu alegeti o parola sigura si pentru a continua apasati.",
         "alias_sub":"Puteti alege un alias pentru portofelul cu care va puteti autentifica in loc de a folosi un identificator.",
         "email_sub":"Daca doriti sa trimiteti un link pentru portofel nou va rugam sa introduci adresa ta de email mai jos.",
         "proceed_to_login":"Autentificare",
         "existing_account":"Daca aveti deja un cont Google My wallet {0}",
         "please_read":"Va rugam sa cititi {0}.",
         "restore_link_title":"Puteti restaura acest portofel oricând, accesând:",
         "disclaimer":"Doriti sa renuntati?",
         "email":"Trimiteti e-mail"
      },
      "wallet_app":{
         "nav":{
            "receive":"Bani primiti",
            "transactions":"Tranzactii mele",
            "home":"Portofel Acasa"
         },
         "transactions":{
            "sub_header":"Rezumatul tranzactiilor recente",
            "no_transactions":"În mod normal, tranzactiile bitcoin ar fi enumerate aici, dar nu ati facut nici una inca.",
            "header":"Tranzactii"
         },
         "loading":"Încarcare",
         "import_export":{
            "import_paper_p1":"Utilizati webcam-ul dumneavoastra pentru a scana un cod QR dintr-un portofel de hârtie",
            "import_wallet_formats":{
               "plain":"Plaintext JSON de rezerva de la blockchain.info",
               "aes":"AES de rezerva criptate de la blockchain.info. (Trebuie sa fie criptate cu aceeasi parola)",
               "output_from":"De ie?ire de la {0}"
            },
            "import_wallet_p1":"Puteti importa cheile în mai multe formate diferite.",
            "desktop_sync_title":"Sincronizare cu desktopul",
            "desktop_sync_instructions":"Va rugam sa instalati {0} nu este valabil pentru Google Chrome sau {1} disponibile pentru Mozilla Firefox si Safari Apple (V> = 1,9 necesar).",
            "select_private_key_format":"Selectati formatul de cheie privata:",
            "export_unencrypted_p1":"Mai jos sunt cheile private în format JSON. Atentie!!! Aceste date nu sunt ciptate, a se pastra in siguranta.",
            "import_private_key_p1":"Importa o cheie existenta privata de mai jos. Toate formatele de chei private sunt acceptate.",
            "watch_only_p1":"Puteti adauga un {0} adresa bitcoin la portofel. Dvs nu veti fi capabil de a trimite bitcoins de la aceasta adresa, fara a oferi mai târziu, cheia privata",
            "desktop_sync_step2_further_instructions":"Odata ce s-a modificat fisierul reporniti aplicatia Bitcoin. Pentru mai multe informatii despre activarea bitcoin cu interfata RPC consulta {0}",
            "watch_only_title":"Adauga ca vazut Adresele Bitcoin",
            "export_unencrypted_title":"Export adrese necriptate",
            "installed_refresh_page":" Odata instalat va rugam sa actualizati aceasta pagina.",
            "advanced_warning_title":"Atentie crescuta!",
            "brain_wallet_btn":"Generati cheie",
            "desktop_sync_step2_p1":" Pentru ca browser-ul dvs. sa comunice cu aplicatia desktop de pe calculatorul dvs, trebuie sa permite-ti serverului de bitcoin RPC în dosarul bitcoin.conf. Daca fisierul nu exista, trebuie sa-l creati. De exemplu:",
            "import_backup_sub":"O lista de backup-uri disponibile din portofel existene in serverul nostru Cloud Storage.",
            "advanced_warning_continue":"Am înteles",
            "brain_wallet_p2":"Minim de trecere fraza lungime este de 15 de caractere. Este recomandat sa pastrati în continuare backup-uri regulate ale portofelului chiar si cu trecere fraza memorate.",
            "brain_wallet_p1":"Un portofel Brain este o cheie privata însamânta-ta la o trecere de neuitat-fraza. Este posibil sa memoreze aceasta parola, în scopul de a restabili fondurile de la acea adresa, fara a avea nevoie de o copie de rezerva a portofelului.",
            "watch_only_btn":"Adauga Watch Doar Adresa",
            "rpc":{
               "password_help":"Daca Bitcoin-Qt Wallet pe care il ave-ti in posesie este criptat introduceti parola aici.",
               "address":"Adresa",
               "download_address_list":"Descarca lista de adrese",
               "action":"Actiune",
               "rpc_password":"Parola RPC:",
               "label":"Eticheta",
               "ssl_help":"SSL nu este sustinuta în prezent"
            },
            "import_private_key_btn":"Adaugati cheie privata",
            "desktop_sync_change_password":"Schimbati numele de utilizator si parola la unul dintre alegerea ta.",
            "desktop_sync_p1":"Acest instrument va permite sa sincronizati portofel cu clientul desktop oficial disponibil din bitcoin.org.",
            "desktop_sync_step1":"Pasul 1. Instalati extensie de browser",
            "import_textarea_placeholder":"Copiati ?i lipiti datele Dvs. de portofel în acest domeniu",
            "desktop_sync_step2":"Pasul 2. Activati Bitcoin RPC",
            "import_private_key_title":"Import cheie privata",
            "import_backup_table":{
               "file_name":"Nume fisier",
               "action":"Actiune"
            },
            "advanced_warning_sub":"Aceasta sectiune va permite sa efectuati modificari in portofelul dumneavoastra, care poate fi complicat si confuz. Se recomanda ca utilizatorii experimentati cu Bitcoinul sa porneasca de aici. Tu ar trebui sa ai o întelegere a ceea ce cheile private sunt si modul în care acestea se refera la adresele bitcoin.",
            "leave_encrypted":"Lasa cheile private criptat",
            "import_keys_limit":"Va rugam sa fiti constienti ca în prezent exista o limita de 400 de chei private pe portofel. Pentru portofele mari browser-ul dvs. poate raspunde cu o intarziere de timp de câteva minute."
         },
         "login":{
            "yubikey_help":"Selectati caseta de text de mai sus si apasati lumina verde LED de pe Yubikey-ul dumneavoastra.",
            "lost_two_factor_title":"Detalii despre pierderea celor doi factori de autentificare",
            "google_authenticator":"Aplicatia Google Authenticator:",
            "resend_link_p1":"Mesajul va fi trimis de la wallet@blockchain.info. Asigurati-va ca verificati in SPAM. Daca tot nu puteti gasi e-mailul faceti clic pe butonul de mai jos sa-l trimita.",
            "need_help_p1":"Citi-ti {0}",
            "lost_two_factor_btn":"Schimbati doi factor de autentificare",
            "lost_password_p1":"Portofelul tau este criptata prin browser-ul dumneavoastra înainte de a ne contacta si pentru acest motiv, suntem în imposibilitatea de a ajuta la recuperarea parolelor pierdute. Pentru a evita orice posibila pierdere monetara datorita parolele uitate, se recomanda sa faceti o copie de rezerva pe hârtie a cheiei portofelului dumneavoastra privat.",
            "lost_two_factor_p1":"Daca a-ti pierdut cele doua detalii factor de autentificare, portofelul dumneavoastra este înca pe deplin recuperabil. Tot ce avem nevoie este o dovada rezonabila sunteti proprietarul contului, care pot fi furnizate prin completarea formularului de mai jos.",
            "forgotten_identifier_btn":"Am uitat Username",
            "forgotten_something_sub":"Ajutor! Mi-am blocat contul",
            "lost_identifier_p1":" Daca ati pierdut username-ul Dvs. de portofel verificati mai întâi ce e-mail de confirmare l-ati primit in timpul inscriere. Nu puteti gasi e-mailul? Faceti clic pe butonul de mai jos si va putem trimite una noua.",
            "lost_identifier_title":"Username pierdut sau Alias",
            "resend_link_title":"Nu puteti gasi codul dvs. de email?",
            "identifier":"Username:",
            "sms_code_help":"Un mesaj de tip text a fost trimis pe telefonul dvs. mobil. Va rugam sa introduceti codul în casuta de mai sus.",
            "identifier_placeholder":"Username sau Alias",
            "lost_password":"Am uitat parola",
            "need_help":"Aveti nevoie de ajutor?",
            "resend_sms_link_p1":"Va rugam sa verificati semnalul de retea. Mesajele pot dura pâna la 10 minute pentru a fi livrate, în cazul în care nu a-ti primit mesajul in 10 minute, face-ti clic pe butonul de mai jos pentru a retrimite mesajul.",
            "lost_two_factor":"Pierdute sau uitate doua detalii de autentificare?",
            "password_hints_btn":"Sugestii parola",
            "please_enter_login_details":"Va rugam sa introduceti datele dvs. de autentificare de mai jos:",
            "google_authenticator_help":"Va rugam sa deschideti aplicatia de autentificare Google si introduce-ti codul afisat.",
            "email_code_help":"Un e-mail care contine un cod de confirmare a fost trimis temporar în contul tau.",
            "password_unrecoverable_warning":"Parola dumneavoastra nu este niciodata partajata cu serverele noastre si nu poate fi recuperate daca a fost uitata!"
         },
         "account_settings":{
            "example_password":"În cazul în care parola a fost portofel: HorseBatteryStaple o sugestie pentru parola buna ar fi: calul electric?",
            "two_factor_authentication_description":"Doi factori de autentificare, adauga un nivel suplimentar de securitate pe partea de sus a parolei.",
            "multiple_ip_comma_seperated":"Mai multe adrese IP trebuie sa fie separate prin virgula.",
            "language":"Limba",
            "five_confirmations":"5 Confirmari",
            "google_authenticator_warning":"Pute-ti fi deconectat de la contul dumneavoastra daca veti parasi aceasta pagina, fara asocierea cu aplicatia pentru mobil sau dezactivarea Google Authenticator.",
            "yubikey_description":"Pentru a asocia cheia cu contul dvs. selectati caseta text de mai jos si apasati butonul verde, LED-ul de pe aparat yubikey.",
            "local_currency":"Moneda locala",
            "html5_notifications":"HTML5 Notificari",
            "action":"Actiune",
            "disable_double_encryption":"Dezactiva-ti criptarea dubla",
            "sms_notifications":"Notificari SMS",
            "integrity_check_run":"Verificati",
            "fee_policy_low_description":"O taxa de minerit nu va fi inclusa, cel putin nu pana cand nu va fi imperativ necesar.",
            "logging_deletion":"Modificarea nivelului de logare nu sterge fisiere log existente. Activitatea expira dupa 2 saptamâni.",
            "second_password":" A doua parola ",
            "notifications_when_both":"Trimite sau primeste Bitcoins",
            "four_confirmations":"4 Confirmari",
            "nav":{
               "notifications":"Notificari"
            },
            "device_pairing_description":"Scanati codul de mai jos cu iPhone-ul sau pe dispozitivul Android pentru a-l asocia cu contul dvs.",
            "google_talk_description":"Veti primi notificari prin Google Talk.",
            "forgot_password_warning":"Atentie!",
            "restrict_to_ip_description":"Activati aceasta optiune pentru a restrictiona accesul la portofelul dumneavoastra la o anumita adresa IP sau mai multe adrese IP separate prin virgula. Activati acest lucru numai daca aveti o adresa IP statica. Dvs nu veti fi capabil sa va autentificati sau sa accesati orice API de la orice calculator care nu are una din adresele de IP mentionate, aplicatia mobila va continua sa functioneze o data ce a fost asociata.",
            "language_description":"Setati limba dvs. preferata de mai jos",
            "secret_phrase_description":"O fraza secreta poate fi folosit pentru a ne ajuta sa va confirmati identitatea în cazul unui identificator pierdut portofelul sau yubikey. Acesta poate fi un singur cuvânt sau o propozitie pâna la 255 de caractere în lungime.",
            "integrity_check":"Verificati integritatea",
            "second_password_hint":"A doua sugestie de parola:",
            "secret_phrase":"Fraza secreta",
            "never_remember_two_factor_description":"Implicit dupa logare cu factor de autentificare browser-ul dvs. isi va amintit pentru o perioada scurta de timp, permitându-va sa va autentific-ati din nou, fara a fi nevoie de re-autentificare. Verific-ati caseta de mai jos daca doriti sa dezactivati acest comportament si necesita autentificare de fiecare data.",
            "two_factor_authentication_not_enabled":"Doi factori de autentificare nu sunt activate pe contul dvs.",
            "email_notifications":"Notificari e-mail",
            "receives":"Primeste Bitcoins",
            "six_confirmations":"6 Confirmari",
            "notifications":"Notificari",
            "two_confirmations":"2 Confirmari",
            "password_notice":"Parola dumneavoastra nu este niciodata partajata pe serverele noastre. Acest lucru înseamna ca portofelul dvs ar fi în continuare în conditii de siguranta, în cazul în serverele noastre sufera un atac sau tentativa de accesare a datelor dvs. De asemenea, ne împiedica de la vizualizarea soldului contului sau istoricul tranzactiilor.",
            "automatic_email_backups_description":"Verificati acest lucru pentru a primi o copie de rezerva nou mod automat atunci când actualiza-ti portofelul dvs:",
            "skype_description":"Veti primi notificari prin Skype pentru numele de utilizator de mai jos:",
            "fee_policy_description":"Tranzactiile Blockchain.info sunt gratuite. Cu toate acestea reteaua bitcoin poate solicita o suplimentare de taxa de mineri care afecteaza viteza de tranzactiilor dvs., acestea sunt verificate si contribuie la sustinerea retelei. Modificati setarile de mai jos pentru a modifica politica implicita a taxei minerilor.",
            "three_confirmations":"3 Confirmari",
            "logging_full":"Log Actiuni cu adresa IP si User Agent",
            "send_sms_code":"Trimite codul SMS",
            "title":"Setarile contului",
            "double_encryption_enabled":"Criptare dubla este activata. O a doua parola va fi necesara înainte de a putea trimite fonduri.",
            "local_currency_description":"Aveti posibilitatea sa face-ti converstia rapid între bitcoins si moneda dvs. locala facând clic pe soldul dvs. în dreapta sus.",
            "second_password_description":"Puteti seta o a doua parola, optional, care va fi necesara atunci când veti trimite fonduri din contul dvs. Pentru portofele mari, browser-ul dvs. poate fi incetinit, si poata sa isi revina abia dupa cateva minute dupa trimiterea platii",
            "never_remember_two_factor":"Nu va aminti-ti niciodata cei doi factori de autentificare",
            "password_hints_description":"Daca ati uitat parola, indiciile pot fi utile pentru a ajuta la reîmprospata memoriei. Daca exista o adresa de e-mail asociata cu contul dvs., indicii pot fi trimisa prin email. Daca nici un e-mail nu este asociata cu contul dvs., indicii sunt disponibile pentru oricine care stie identificatorul Dvs. de portofel.",
            "fee_policy_normal_description":"Urmati politica taxelor sugerata de clientul bitcoin magistrala.",
            "mobile_number_description":"Va rugam sa introduceti numarul dvs. de telefon mobil de mai jos.Sms-urile internationale pot fi, uneori, nesigure si nu poate fi disponibil pentru unele tari si retele.",
            "enable_double_encryption":"Activati criptare dubla",
            "email_not_verified":"E-mail nu a fost verificat",
            "notifications_confirmations":"Dupa Confirmari",
            "google_authenticator_description":"Deschide-ti aplicatia Google Authenticator si scana-ti codul QR de mai jos pentru a finaliza procesul de împerechere.",
            "integrity_check_description":"Verifica toate cheile din portofelul tau, gases-te adresa pe care o cauti si apoi recripteaza portofelul. Acest lucru poate dura o lunga perioada de timp, în unele browsere.",
            "notifications_description":"Optional primi-ti notificari atunci când o plata este trimisa sau primita din portofel.",
            "update_main_password":"Actualizati parola principala",
            "email":"Trimiteti e-mail",
            "alias_description":"Un alias este link-ul scurt, care pot fi memorate pentru acces rapid la contul dvs. fara a fi nevoie sa-si aminteasca un identificator",
            "email_verified":"E-mail confirmat",
            "my_wallet_verifier_description":"Daca sunteti preocupat de securitate, va recomandam sa instalati extensia {0} browser-ul. Verificatorul portofelului meu poate ajuta la protejarea impotriva hackerilor rau intentionati si a atacuri de tip phishing.",
            "html5_notifications_p1":"Notificarile de tip HTML5 sunt diferite de regulate ferestre pop-up, în care le solicita permisiunea utilizatorului de a fi indicat. În prezent, sustinuta în Chrome si Safari.",
            "logging_level_description":" Datele dumneavoastra vor fi inscrise numai in cazul trimiterii\/primirii de bitcoins . În mod implicit jurnalul este oprit in afara de actiunile întreprinse de catre administratori. Activarea ofera o mai buna securitate prin furnizarea de mai multe informatii cu privire la accesul neautorizat la poten?ialul de portofel totusi un pic de intimitate poate fi sacrificata.",
            "forgot_password_warning_p2":"Orice parolele uitata va duce la portofel ca fiind ne-accesibile. Nu exista nici un proces de recuperare a parolei!",
            "password_hints":"Sugestii parola",
            "restrict_to_ip":"Pentru a restrictiona IP",
            "main_password_hint":"Sugestie parola principala:",
            "email_notifications_description":"Veti primi notificari prin e-mail. Va rugam sa confirmati adresa dvs de e-mail daca nu a-ti facut-o deja.",
            "fee_policy_high_description":"Taxe va fi setata pentru a asigura ca tranzactiile sunt in stadiul de prioritate maxima (0,001 BTC Taxa de baza).",
            "enter_sms_code":"Introduceti codul de verificare cuprinse în mesajul SMS.",
            "sub_header":"Modifica setarile portofelul meu de cont.",
            "never_remember":"Amintiti-va niciodata",
            "fee_policy_low_warning":"Tranzactiile vor fi semnificativ mai lent pentru a confirma",
            "email_description":"Doi factori de autentificare prin e-mail este activat in contul dvs. Un e-mail va fi trimis la {0} acesta contine un cod de confirmare, care va trebui sa fie furnizat la autentificare.",
            "fee_policy":"Politica implicita a taxelor",
            "mobile_number":"Numar de mobil",
            "logging_hashed":"Log Actiuni cu adrese IP trunchiata",
            "enable_disable":"Activeaza \/ Dezactiveaza:"
         },
         "modals":{
            "outputs":"Ie?iri",
            "delete_private_key_only":"Stergere numai cheia privata",
            "label_help":"O eticheta este folosita pentru a ajuta sa va amintiti ce aceasta adresa este pentru. Acesta poate fi numele unei persoane sau companii.",
            "inputs":"Intrari",
            "verify_message_placeholder":"Introduce-ti Mesaj pentru a verifica",
            "scan_using_webcam":"Scanarea folosind webcamul",
            "label_address":"Eticheta Adresa",
            "please_check_details":"Va rugam sa verificati detaliile de mai jos:",
            "sweep_keys_p1":"Sweep înseamna a muta toate fondurile disponibile în una sau mai multe adrese de la o alta adresa. Va rugam sa alegeti o adresa în cazul în care doriti sweep adresele selectate (din Bilant {0}).",
            "continue_without":"Fara sa continue",
            "delete_both":"Sterge?i adresa si cheie privata",
            "verify_signature_placeholder":"Introduceti semnatura pentru a verifica",
            "claim_p1":"Va rugam sa alegeti una dintre optiunile de mai jos pentru a pretinde dvs. bitcoins. Pâna la sustinut expeditor este capabil de a inversa aceasta plata.",
            "transaction_information":"Informatii tranzactie",
            "password_change_p1":"Parola dvs. va fi actualizat imediat. Asigurati-va ca a-ti facut o copie de rezerva a noii parole, deoarece nu poate fi recuperata daca a fost uitata! Daca aveti vreo copie de rezerva criptata a portofelului dvs atunci poate fi decriptata cu parola veche, va recomandam sa stergeti backupurile vechi.",
            "label_address_p1":"Va rugam sa introduceti o eticheta pentru adresa de {0}",
            "add_address_book_entry":"Introducere Agenda cu Adrese",
            "signing_please_wait":"Va rugam sa asteptati. Scanarea numarului de intrare {0} din {1} ...",
            "miners_fee_recommended_p1":"Aceasta tranzactie are o prioritate scazuta. Este recomandat sa includesti cel putin un comision 0.0005 tranzac?ie BTC, în scopul de a asigura o procese de minerit.",
            "ask_for_anonymous_warning":"Nu va astepta-ti sa primiti banii inapoi odata ce a-ti trimis bitcoinurile la o adresa folosind serviciul anonim. Tranzactiile anonime sunt incompatibile cu SatoshiDICE, BitLotto si multe alte jocuri bitcoin.",
            "private_key_needed":"Cheie privata necesare",
            "please_confirm":"Va rugam sa confirmati ca doriti sa {0}",
            "watch_only_warning_p2":"Un {0} adresa înseamna ca puteti observa numai tranzactiile la aceasta adresa. Daca nu aveti cheia privata salvat în alta parte, atunci nu detineti fondurile de la aceasta adresa.",
            "watch_only_warning_p3":"Daca nu aveti un copie de rezerva sau un protofel de hartie nu ar trebui sa va trimite-ti monedele la aceasta adresa",
            "address_qr_code":"Adresa QR Code",
            "verify_message":"Verifica-ti Mesaj",
            "watch_only_warning_p1":"Ati primit acest avertisment pentru ca a-ti copiat o adresa de {0} in clipboard.",
            "claim_to_desktop":"Introduce-ti adresa de clientul bitcoin desktop:",
            "message_placeholder":"Introduceti Mesajul pe care il doriti pentru semnatura",
            "confirm_delete_warning":"Stergerea unei adrese incorecte va cauza pierderi financiare. Daca nu sunteti sigur de cea ce faci-ti, apasa-ti anulati acum",
            "send_payment":"Trimite plata",
            "verify_message_p1":"Utilizati acest instrument a verifica un mesaj semnat de catre proprietarul unei adrese de bitcoin anumita",
            "second_password_p1":"Aceasta actiune solicita sa introduceti a doua parola, care necesita sa ave-ti portofelul complet decriptat. Dvs nu ar trebui sa introduceti parola dvs. de secunde pe un computer ce nu este de încredere. Utilizati tastatura de pe ecran pentru a oferi o oarecare protectie de programele de tip keylogger.",
            "second_password_needed":"Este necesara a doua parola",
            "address_not_synced":"Adresa nu a fost salvata",
            "address_not_synced_p1":"Aceasta adresa nu a fost stocat pe serverele noastre si, poate, duce inca la pierderea acesteia dupa plecarea aceasta pagina.",
            "confirm_delete_p1":"Sute-ti sigur ca doriti sa eliminati adresa? Nu veti mai putea trimite sau primi bitcoins de la aceasta adresa. Soldul aceasta adresa este:",
            "send_transaction":"Trimite tranzactie",
            "total_output_value":"Valoarea totala de iesire",
            "offline_instructions":"Pentru a finaliza tranzactia deschis {0}. Copiati si lipiti textul de mai jos in textarea si apasati prezinte pentru a finaliza tranzactia. <\/ P>",
            "address_book_label_help":"Introduce-ti eticheta pentru aceasta adresa. de exemplu, numele persoanei sau numele firmei.",
            "hash":"Hash",
            "add_address_book_entry_placeholder":"Introduceti adresa Bitcoin doriti sa adaugati în agenda.",
            "add_watch_only_address_p3":"Daca nu sunt clare privind diferen?a dintre o adresa de bitcoin ?i o cheie privata, atunci acest lucru nu este, probabil, op?iunea dorita.",
            "verify_result":"Acest mesaj a fost semnat de catre adresa {0}. <br \/> Aceasta este adresa pe care o vroiati?",
            "add_watch_only_address_p1":"Va rugam sa confirma-ti ca ati vrut sa adauga-ti {0} adresa {1} .",
            "create_new_wallet":"Creati un portofel nou",
            "leaving_wallet":"Lasând Portofel",
            "signature":"Semnatura:",
            "created_offline_p1":"Tranzactia dvs. a fost creat cu succes, dar nu a fost înca trimisa la reteaua p2p.",
            "save":"Salveaza",
            "compressed_private_key_p1":"Chei private sunt comprimate în prezent nu sunt compatibile cu aplicatia Android, iPhone app sau API Merchant. Daca importati o cheie privata comprimata direct nu veti fi capabil sa folositi fondurile folosind dispozitivele enumerate anterior.",
            "enter_manually":"Introduceti manualul",
            "compressed_private_key_p2":"Solutia recomandata este de a matura fondurile într-o adresa de bitcoin existenta. Doriti sa mature aceasta cheie privata în schimb?",
            "compressed_private_key":"Cheia privata comprimata detectata",
            "enter_private_key":"Introduceti cheia privata",
            "creating_transaction":"Crearea de tranzactie",
            "ask_for_anonymous_p1":"Mixerul nostru are nevoie de monedele tale bitcoin. Trimite aceasta tranzactie anonim si obtine un bonus de {0}% <\/ b> ({1} BTC, va fi trimis inapoi la adresa trimiterea). Tranzactia va atrage o intarziere de aproximativ {2}.",
            "add_watch_only_address":"Adauga doar adresele preferate\/vazute",
            "confirm_delete":"Confirma-ti stergerea",
            "password_change":"Confirmati Schimbare parola",
            "continue_without_fee":"Continuare Fara Taxa",
            "label_placeholder":"Eticheta de ex: Economie",
            "miners_fee_recommended_warning":"Daca nu include-ti o taxa aceasta tranzactie poate sa ia o lunga perioada de timp pentru a obtine confirmarea. Toate fondurile vor fi returnate la tine în aproximativ 24 de ore.",
            "send_via_email_sub":"Urmatorul mesaj va fi trimis la destinatar.",
            "add_fee":"Adaugati Taxa",
            "never_ask_again":"Niciodata nu ma întreba din nou.",
            "claim_zero_balance":"Soldul acestei adrese bitcoin este zero. Plata poate a fost deja solicitate sau tranzactia a fost inversata de catre expeditor.",
            "add_address":"Adauga Adresa",
            "login_to_my_wallet":"Autentificare in portofelul meu",
            "confirm_delete_countdown":"Ai {0} secunde pentru a te razgandii ...",
            "sign_message_sub":"Utilizati acest instrument pentru a semna un mesaj care dovedeste ca detineti o adresa. Înregistreaza doar mesaje detaliate pe deplin de acord cu, sa nu semneze mesaje vagi. Apasând Mesaj Contul poate determina browser-ul dvs. pentru a devenit inactiva timp de câteva secunde.",
            "private_key_needed_p1":"Aceasta actiune necesita cheia privata a adresei bitcoin {0}. Va rugam sa introduceti cheia privata de mai jos.",
            "claim_title":"Ati primit bitcoins!",
            "network_percent":"% din retea"
         },
         "disconnected":"DECONECTAT",
         "wallet_home":{
            "account_settings_description":"Edita-ti setarile contului dvs., inclusiv adresa de e-mail, parola si setarile de notificare.",
            "backup":"Copie de rezerva",
            "account_settings_btn":"Setarile contului",
            "sofort_deposit":"Sofort bancara",
            "total_transactions":"Totalul tranzactiilor",
            "backup_description":"Back-up portofelul tau este un pas important, care este usor de uitat. Blockchain.info ia toate masurile de precautie pentru a pastra în conditii de siguranta portofelul dumneavoastra, dar este întotdeauna mai bine sa pastra-ti o copie locala doar în cazul de necesitate.",
            "withdraw_description":"Utiliza-ti serviciile de mai jos pentru a converti bitcoins înapoi în moneda dvs locala.",
            "account_settings":"Setarile contului",
            "deposit_and_withdraw":"Depunere si Retragere",
            "share_with_anyone":"Trimite-ti acest lucru cu oricine si le poate trimite plati.",
            "deposit_description":"Cel mai rapid si mai usor mod sa depuneti bitcoins în contul dvs. este de a folosi serviciile de mai jos.",
            "total_received":"Totala primite"
         },
         "success":{
            "sms_updated":"Numarul SMS-uri actualizate cu succes. Mesajul trimis de identificare.",
            "wallet_synced":"Portofel cu succes sincronizat cu serverul",
            "notification_settings_updated":"Setari notificari completa",
            "email_verified":"Email verificat cu succes",
            "updated_ip_address":"Adrese IP Actualizata",
            "email_updated":"Trimiteti e-mail Actualizat",
            "secret_phrase_updated":"Fraza secreta actualizat cu succes",
            "sms_code_sent":"Codul de verificare prin SMS trimis!",
            "saved_to_google_drive":"Portofel cu succes salvat pe unitatea de Google. Puteti închide acum fereastra",
            "updated_ip_lock":"Actualizat în Setari IP Lock",
            "unsubscribed":"Te-ai dezabonat cu succes, nu vei mai primi notificari referitoare la serviciile noastre, o zi buna!",
            "saved_to_dropbox":"Portofel a fost cu succes salvat in dropbox. Puteti închide acum fereastra",
            "confirmation_email_sent":"Trimiteti e-mail de confirmare trimis",
            "local_currency_updated":"Moneda locala actualizat cu succes",
            "two_factor_authentication_request_approved":"Doi factori de autentificare pentru cererea de resetare a fost aprobata. Cererea va fi revizuita în scurt timp.",
            "email_code_sent":"Codul a fost trimis prin e-mail.",
            "two_factor_authentication_updated":"Doua setari de autentificare factor de actualizare.",
            "email_code_resent":"Codul de e-mail retrimis. Verificati dosarul de spam! Fiecare email retrimis manual, se ia ca o esuare a celui precedent si acela v-a fi dezactivat",
            "skype_updated":"Skype Utilizator actualizat",
            "sms_verified":"Numarul SMS-uri verificat cu succes",
            "updated_password_hint":"Sugestie parola, actualizata",
            "two_factor_reset_request_submitted":"O cerere de Reinitializare pentru doi factori de autentificare a fost deja prezentata."
         },
         "receive_money":{
            "new_address":"Adresa noua",
            "more_actions":"Mai multe actiuni",
            "anonymous_addresses_description":"Platile primite la adresele anonime vor fi transmise la o alta adresa în portofel. Orice plati primite sunt trimise prin mixer la un portofel izolandu-va de datele celui care a trimis plata . Tranzactiile care au primit adrese anonime nu pot fi conectate regulat la portofelul dumneavoastra.",
            "address":"Adresa",
            "new_address_tooltip":"Click aici pentru a genera o adresa de bitcoin noua. Puteti începe sa primiti bitcoins în aceasta adresa imediat",
            "delete_keys_tooltip":"Stergeti cheile private selectate.",
            "sweep_keys_tooltip":"Mutati orice bitcoins din cheile selectate catre o adresa de bitcoin diferita.",
            "more_info":"Mai multe informatii",
            "verify_message":"Verificati Mesajele",
            "anonymous_addresses_description2":"Adresele anonime sunt valabile pentru o singura tranzactie si suporta un comision de tranzactie de 1,5%.",
            "bitcoin_address":"Adresa Bitcoin",
            "delete_keys":"Stergeti Taste",
            "archived_addresses_description":"Adresele arhivate, sunt adrese care nu mai trebuiesc ascunse in vederea principala, dar care fac parte inca din portofelul dvs. Aveti posibilitatea sa le dezarhivati în orice moment, facând clic pe pictograma albastra.",
            "new_anonymous_address":"Adresa anoinim noua",
            "expires_in":"Expira în"
         },
         "send_coins":{
            "to_address_help":"Introduceti adresa Bitcoin a beneficiarului",
            "facebook_help":"Introduceti numele destinatarului Facebook",
            "send_payment_tooltip":"Click aici pentru a trimite plata. Nu vi se va cere sa revedeti sau sa oferiti un feedback.",
            "amount_help":"Introduceti suma de Bitcoins pentru a trimite",
            "send_via_sms_sub":"Foloseste formularul de mai jos pentru a trimite bitcoin prin SMS.",
            "quick_send":"Trimitere rapida",
            "email_address_tooltip":"Aceasta este adresa de e-mail a persoanei la care doriti sa trimiteti bitcoins.",
            "send_via":"Trimite prin",
            "place_bet":"Plasati pariuri!",
            "sms_number_tooltip":"Introduceti numarul de SMS al persoanei la care doriti sa trimiteti bitcoins.",
            "from_address_tooltip":"Daca este necesar, puteti alege sa trimiteti monedele de la o anumita adresa, în portofel.",
            "custom_transaction":"Tranzactie personalizata",
            "to_address_placeholder":"Adresa bitcoin",
            "public_note":"Nota publica",
            "quick_send_sub":"Foloseste formularul de mai jos pentru a trimite o plata la o adresa de bitcoin.",
            "amount_tooltip":"Suma în Bitcoins pe care doriti sa o trimiteti.",
            "miners_fee_tooltip":"Aceasta taxa va fi trimisa la minerii bitcoin si poate ajuta ca tranzactia sa fie procesata mai rapid",
            "custom_transaction_sub":"Foloseste formularul de mai jos pentru a trimite o plata la una sau mai multe adrese bitcoin. Vi se va solicita analiza tranzactiei înainte de depunere.",
            "remove_recipient":"Elimina Primitorul",
            "from_address":"De la adresa",
            "change_address":"Modificare Adresa",
            "btcdice_sub":"{0} - Alege cote, puneti un pariu pentru a primi eventualele câstiguri înapoi în câteva secunde.",
            "send_anonymously_total":"Taxa totala a serviciului prin care trimiteti anonim, este de {0}",
            "send_anonymously_sub":"Trimiteti utilizarea anonim pentru a garanta ca tranzactia nu poate fi urmarita între expeditor si receptor.",
            "send_via_facebook_sub":"Foloseste formularul de mai jos pentru a trimite unui prieten pe Facebook parerea ta despre bitcoin. ",
            "to_address":"Catre adresa",
            "sms_number_help":"Introduceti numarul de SMS al beneficiarului.",
            "public_note_placeholder":"Aceste mesaje vor fi permanent încorporate în blockchain. Oricine le poate citi.",
            "add_new_entry":"Adaugati intrare noua",
            "send_payment":"Trimite plata",
            "repeat_10":"Repetare",
            "reset_form":"Resetati Forma",
            "transaction_types":"Tipul tranzactiei",
            "public_note_tooltip":"Adaugati o nota la aceasta tranzactie, care va putea fi vizoalizata pe blockchain.info.",
            "pending":"În asteptarea",
            "add_recipient_tooltip":"Daca doriti sa trimiteti bitcoins la mai multi destinatari simultan, click aici pentru a adauga o alta adresa",
            "send_anonymously_bonus":"Mixer plateste în prezent un bonus pentru monedele proaspete. Nu vor exista taxe pentru aceasta tranzactie si un bonus de {0} BTC, vor fi platite.",
            "anonymous_transaction_fees":"Toate tranzactiile anonime suporta o taxa de {0}%.",
            "email":"Trimiteti e-mail",
            "satoshi_dice_sub":"{0} este cel mai popular joc de bitcoin de pariuri. Câstigati pâna la 64.000 x pariul dvs., instantaneu. Toate rolele sunt verificabile prin blockchain.",
            "number_of_bets":"Numar de pariuri:",
            "amount":"Suma",
            "review_payment_tooltip":"Click aici pentru a revizui plata. Veti fi capabil de a confirma sau de a anula tranzactia.",
            "send_via_email_sub":"Foloseste formularul de mai jos pentru a trimite adresa bitcoin prin email.",
            "repeat_5":"Repetare",
            "refresh":"Reîmprospatare",
            "address_book":"Agenda",
            "miners_fee":"Taxa minerilor ",
            "change_address_tooltip":"Orice schimbare din tranzactie va fi trimis înapoi la aceasta adresa",
            "remove_recipient_tooltip":"Stergeti ultima adresa la care a-ti primit plata.",
            "address_book_sub":"Cartea adrese contine o lista de adrese trimise. Puteti sa-l utilizati pentru a stoca adresele bitcoin ale persoanelor pe care le cunoasteti sau comerciantilor pe care le utilizati frecvent.",
            "add_recipient":"Adaugati destinatar",
            "sms_number":"Numarul SMS-uri",
            "email_address_help":"Introduceti adresa de email a destinatarului"
         },
         "errors":{
            "error_updating_auto_backup":"Eroare la actualizarea automata Setari e-mail backup",
            "mobile_identifier_not_found":"Portofel de identificare nu a fost gasit. Portofelul tau nu este stocat pe serverul nostru înca. Va rugam sa creati un cont nou, pentru a evita pierderea portofel.",
            "unknown_identifier":"Id-ul portofelului necunoscut. Va rugam sa verificati daca acesta a introdus in mod corect.",
            "error_validating_yubikey":"Eroare la validarea yubikey",
            "invalid_email":"Trimiteti e-mail invalid",
            "error_updating_two_factor_authentication":"Eroare de actualizare a celor doi factori de autentificare.",
            "error_updating_ip_lock":"Eroare Actualizata Lock IP",
            "two_factor_enabled_no_email":"Doi factori de autentificare sunt activi, dar nu ati adaugat nici o adresa de e-mail.",
            "error_updating_local_currency":"Eroare la actualizarea monedei valutare locale",
            "checksum_reread_failed":"Portofel a fost actualizat, însa de controlul nu a fost validat ca re-citit! Aceasta este o eroare grava, va rugam sa contactati {0}",
            "wallet_size_restricted":"Portofelele sunt limitate la 1MB",
            "two_factor_enabled_email_not_verified":"Doi factori de autentificare sunt activati, dar nu ati verificat adresa dvs. de email.",
            "wallet_identifier_not_found":"ID-ul portofelului nu a fost gasit",
            "password_hints_not_set":"Sugestiile pentru Parola nu au fost stabilite pentru acest portofel",
            "invalid_alias":"Alias \u200B\u200Btrebuie sa fie alfanumeric",
            "two_factor_authentication_request_declined":"Solicitarea cu privire la resetarea celor doi factori de autentificare a fost refuzata",
            "error_generating_auth_code":"A aparut o eroare incercand generarea codului",
            "error_updating_notification_settings":"Eroare la actualizarea setarilor de tip notificare",
            "error_unsubscribing":"Codul de identificare al portofelului sau al adresei de e-mail este invalid . Tu nu au fost dezabonat",
            "error_saving_wallet":"Eroare la salvarea portofelului",
            "authentication_code_invalid":"Autentificare de cod invalida",
            "two_factor_authentication_not_enabled":"Doi factori de autentificare nu este activata în contul dvs.",
            "error_creating_two_factor_reset_request":"Eroare la crearea la cererea de creere a celor doi factori de autentificare",
            "failed_to_get_wallet":"Nu s-a reusit obtinerea portofelului.",
            "error_updating_sms":"Eroare la actualizarea numar SMS",
            "account_locked_to_another_ip":"Acest cont este blocat la o alta adresa IP.",
            "email_not_found":"E-mailul nu a fost gasit",
            "invalid_payload":"Sarcina utila invalid",
            "authentication_code_used_already":"Acest cod de autentificare a mai fost folosit înainte",
            "invalid_version":"Versiune invalida",
            "login_attempts_left":"{0} tentative de autentificare a ramase",
            "email_updated_eror_sending_link":"Email actualizat. Cu toate acestea a fost o eroare întâlnita la trimiterea link-ului de confirmare.",
            "email_code_incorrect":"Verificarea e-mail esuata, cod incorect!",
            "captcha_incorrect":"Captcha incorecta",
            "error_updating_auth_saving":"Eroare la actualizarea setarilor de autentificare prin intermediul salvarilor de date login",
            "sms_number_in_use":"Acest numar de mobil este deja asociat cu un alt portofel",
            "error_updating_secret_phrase":"Eroare la actualizarea fraza secreta",
            "error_sending_password_hints":"Eroare necunoscuta la trimiterea de sugestii de parola",
            "email_address_invalid":"Adresa de email invalida",
            "invalid_ip_address":"Adresa IP nevalida",
            "unknown_currency_code":"Moneda valutara necunoscuta",
            "invalid_length":"Parametrul lungimii trebuie sa fie numeric",
            "error_sending_sms_code":"A aparut o eroare la trimiterea SMS pentru codul de doi factor de autentificare.",
            "error_updating_skype":"Eroare la actualizarea numelui de utilizator al aplicatiei Skype",
            "error_sending_two_factor_email":"A aparut o eroare la trimiterea celor doi factori de autentificare codul de e-mail",
            "error_sending_wallet_backup":"Eroare la trimiterea de rezerva a portofelului",
            "reached_email_limit":"Ati atins limita maxima de e-mailuri pentru ziua de azi (maxim {0} e-mailuri)",
            "sms_not_found":"Numarul SMS Nu a fost gasit",
            "unknown_language_code":"Limba necunoscuta",
            "sms_code_incorrect":"Codul de verificare SMS este incorect.",
            "alias_too_long":"Alias \u200B\u200Bpoate fi o maxim de 25 de caractere",
            "payload_null":"Eroare grava! Sarcina utila pare a fi Null"
         },
         "tooltips":{
            "balance":{
               "tip":"Acest lucru arata soldul de portofel bitcoin. Este posibil sa nu fi capabil sa-ti petreaca aceasta suma pâna când toate tranzactiile sunt confirmate."
            },
            "connection_status":{
               "tip":"Daca este deconectat de va trebui sa reîmprospatati pagina pentru a vedea noile tranzactii. Când sunte-ti conectat transzactiile no vi se vor arata instantaneu."
            }
         }
      },
      "largest_transactions":{
         "meta_description":"O lista a celor mai mari tranzactii bitcoin recente",
         "header":"Cele mai mari tranzactii recente",
         "title":"Cele mai mari Tranzactii Bitcoin - Blockchain.info"
      },
      "charts":{
         "my_wallet_n_users2":"Numarul de portofele gazduieste ajutorul nostru pentru Serviciul de portofelul meu.",
         "days_destroyed_cumulative2":"Zilele Bitcoin distruse este o masura a volumului tranzactiilor de Bitcoin. Daca cineva are 100 BTC primiti cu o saptamâna în urma, dupa 700 de zile bitcoinurile vor fi distruse. În cazul în care le iau cei 100BTC si le trimite la mai multe adrese si apoi le petrece apoi, desi volumul total de tranzactii ar putea fi arbitrar de mare este numarul de zile bitcoin distruse este înca 700.",
         "my_wallet_transaction_volume_label":"Volumul tranzactiei (BTC)",
         "estimated_transaction_volume_usd":"Volumul de USD tranzactionati estimat",
         "discussion":"Discutie",
         "my_wallet_transaction_volume2":"Volumul tranzactiilor 24 de ore a serviciului nostru de web portofel.",
         "n_transactions_total":"Numarul total al tranzactiilor",
         "days_destroyed_filter_month2":"Filtrate dupa varsta minima de intrare pe 1 luna.",
         "estimated_transaction_volume_usd2":"Volumul tranzactie estimata la valoarea de USD.",
         "transactions_per_block":"Tranzactii pe bloc",
         "my_wallet_n_tx":"Numarul meu Portofel de tranzactii pe zi",
         "cost_per_transaction2":"O diagrama care arata veniturile minerilor împartit la numarul de tranzactii.",
         "n_transactions_per_day_to":"Nr de tranzactii pe zi la:",
         "days_destroyed":"Zile Bitcoin distruse",
         "miners_revenue2":"Diagrama istorica arata numarul de bitcoins extras pe zi + comisioane de tranzactionare * pretul pietei.",
         "mywallet_n_transactions_per_day":"Portofelul meu: Numarul de tranzactii pe zi",
         "total_bitcoins2":"Un grafic care arata numarul total de bitcoins istoric care au fost extrase.",
         "trade_vol":"USD Schimb Comert volum",
         "cost_percent_per_transaction_label":"% din costul volumul tranzactiilor",
         "transaction_fees_usd":"Taxele de tranzactie în USD",
         "days_destroyed_filter_week2":"Filtrate dupa varsta minim de intrare de 1 saptamâna.",
         "my_wallet_transaction_volume":"Portofelul meu, volumul tranzactiilor",
         "total_bitcoins":"Bitcoins total în circulatie",
         "n_unique_addresses":"Numarul de adrese unice de Bitcoin",
         "n_transactions2":"O diagrama din numarul total de tranzactii bitcoin unici pe zi.",
         "cost_per_transaction_usd":"Costul per tranzactie in (USD)",
         "number_of_transactions":"Numarul tranzactiilor",
         "operating_margin2":"Graficul arata mineri, venituri minus, costurile estimate de energie electrica si de latime de banda.",
         "mywallet_balance_over_time":"Portofelul meu: Sold-ul de-a lungul timpului",
         "estimated_transaction_volume2":"Similar cu volumul productiei totale cu adaugarea unui algoritm care încearca sa elimine schimbarile din valoarea totala. Acest lucru poate face o reflectare mai exacta a volumului de tranzactii adevarate.",
         "meta_description":"Cele mai populare grafice si statistici cu privire la reteaua de bitcoin. Numarul de tranzactii pe zi, pretul de piata, diagramele Volum etc",
         "output_volume":"Volumul total de iesire",
         "n_of_transactions_per_day":"Numarul de tranzactii pe zi",
         "cost_per_transaction":"Costul pe tranzactie",
         "avg_confirmation_time_label":"Media timpului de confirmare ",
         "market_cap2":"Un grafic care arata numarul total de bitcoins în circulatie * pretul de piata în USD.",
         "blockchain_size2":"Dimensiunea totala a tuturor anteturilor bloc si a tranzactiilor. Nu cuprinde indicii de baza de date.",
         "market_price":"Pret de piata (USD)",
         "my_wallet_n_users":"Numarul meu Portofel de utilizatori",
         "my_wallet_n_tx2":"Numarul de tranzactii efectuate de utilizatori portofelul meu pe zi.",
         "errors":{
            "no_stats":"Nu exista Statistici gasite pentru aceasta perioada"
         },
         "transaction_fees":"Taxe totale de tranzactionare",
         "n_unique_addresses2":"O diagrama a numarului de adrese unice de identificare utilizate pentru bitcoin pe zi.",
         "tx_trade_ratio":"Volumul comertului vs volumului de operatiuni în Raportul",
         "market_price_usd":"Pret de piata (USD)",
         "n_transactions_per_block2":"O diagrama a numarului mediu de tranzactii pe bloc.",
         "transaction_fees2":"O diagrama care prezinta valoarea totala a tranzactiilor BTC si comisioane de mineri inclusiv castiguri pe zi.",
         "avg_confirmation_time":"Media de tranzactie confirmate pe Ora",
         "market_cap":"Capitalizarea pietei",
         "n_transactions_excluding_popular":"Numarul de tranzactii cu exceptia adreselor populare",
         "show_data_points":"Afisare puncte de date",
         "days_destroyed_filter_month":"Zilele Bitcoin Distrus (filtrate dupa Varsta Min 1 luna)",
         "n_transactions_per_block":"Numarul de tranzactii pe bloc",
         "transaction_fees_label":"Taxe de tranzactie in (BTC)",
         "tx_trade_ratio2":"Graficul arata relatia dintre volumul de tranzactii de BTC si schimbul de volum de USD.",
         "cost_percent_per_transaction2":"O diagrama care arata la fel numarul de mineri\/veniturilor ca procent din volumul tranzactiei.",
         "market_price2":"O diagrama care arata pretul de piata USD, de la www.Mtgox.com",
         "total_received":"Totala primite",
         "miners_revenue_label":"Venit mineri (BTC)",
         "hash_rate2":"Numarul GBhash\/secunda (miliarde de hash-uri pe secunda), reteaua bitcoin este performant.",
         "transaction_fees_usd_label":"Taxe de tranzactie (USD)",
         "n_transactions":"Numarul tranzactiilor",
         "network_deficit":"Deficit de retea",
         "n_transactions_excluding_popular2":"O diagrama care arata numarul total de tranzactii bitcoin unici pe zi cu exceptia fiind cea a operatiunilor care implica oricare dintre primele 100 de adrese cele mai populare",
         "avg_confirmation_time2":"Timpul mediu ia pentru tranzactiile sa fie acceptata într-un bloc.",
         "estimated_transaction_volume":"Volumul tranzactiilor estimate",
         "total_received_to_address":"Suma totala primita la adresa bitcoin:",
         "days_destroyed_cumulative":"Zilele Bitcoin Distrus cumulate",
         "sub_header":"Diverse diagrame bitcoin si statistici despre Moneda",
         "output_volume_label":"Volumul productiei (BTC)",
         "cost_percent_per_transaction":"% Din volumul costului de tranzactie",
         "network_deficit2":"Prezinta diferentaa dintre taxele de tranzactie si costurile de exploatare bitcoin.",
         "output_volume2":"Valoarea totala a tranzactiei transmite tuturor pe zi. Aceasta include si monedele metalice care au fost returnate la expeditor ca mentiunea schimbarii.",
         "linear_scale":"Scala Liniara",
         "network_deficit_label":"Deficit de retea (USD)",
         "estimated_transaction_volume_usd_label":"Volumul tranzactiei (USD)",
         "trade_vol2":"O diagrama care arata volumul schimburilor comerciale USD, de la schimburile de top.",
         "number_of_addresses":"Numarul de adrese",
         "market_cap_label":"Cap de piata (USD)",
         "estimated_transaction_volume_label":"Volumul tranzactiei (BTC)",
         "days_destroyed2":"O versiune niciunul cumulativa a zilei de Bitcoin distruse.",
         "my_wallet_n_tx_label":"Numarul tranzactiilor"
      },
      "wallet_forgot_identifier":{
         "sub_header":"Introdu adresa ta de e-mail sau numarul de telefon mai jos si vom retrimite link-ul de confirmare:",
         "p1":"Daca nu aveti un e-mail asociat cu contul dumneavoastra, va rugam sa ne contactati ({0}) cu orice informatie va pot oferi, inclusiv numele de utilizator Skype, numele de utilizator Google Talk, fraza secreta sau alias.",
         "email_or_sms":"Trimitei mal sau SMS:",
         "header":"Am uitat IdD-ul",
         "title":"Ai uitat ID-ul?"
      },
      "donation_button":{
         "p1":"Introduceti codul de mai jos în sectiunea capul paginii.",
         "p2":"Introduceti codul de mai jos HTML în pozitia în care doriti sa apara butonul",
         "title":"Creati buton Donatie"
      },
      "transaction_page":{
         "total_output":"Totala de iesire",
         "estimated_possibly_never":"Imposibil (Double Cheltui)",
         "reward_from_block":"Rasplata de la bloc",
         "show_scripts":"Arata scripturile & coinbase",
         "estimated_btc_transacted":"BTC estimata tranzactionate",
         "total_input":"Totala de intrare",
         "confirmations":"Confirmari",
         "title":"Bitcoin tranzactie {0}",
         "sub_header":"Vizualizati informatii despre o tranzactie bitcoin",
         "meta_description":"Vizualizati informatii despre o tranzactie bitcoin {0}",
         "inputs_and_outputs":"Intrari si Iesiri",
         "bytes":"octeti",
         "visualize":"Vizualizare",
         "header":"Tranzactie",
         "network_propagation":"Propagarea de retea (Apasa pentru a vizualiza)",
         "output_scripts":"Iesire Scripturi",
         "double_spend":{
            "p1":"Atentie! aceasta tranzactie este o dubla cheltuiala de",
            "p2":"Dvs ar trebui sa fiti extrem de atent atunci când încrederea tuturor tranzactiilor la \/ de la acest expeditor."
         },
         "estimated_time":"Estimata de Confirmare Ora"
      },
      "rejected":{
         "sub_header":"Tranzactii si blocuri care au fost respinse de nodurile noastre bitcoin.",
         "title":"Tranzactii respinse si blocuri - Blockchain.info",
         "hash":"Hash"
      },
      "footer":{
         "not_connected":"Nu este conectat",
         "disable":"Dezactivati"
      },
      "popular_addresses":{
         "sub_header":"Adresele Cele mai populare bitcoin dupa numarul de iesiri",
         "meta_description":"O lista de top 100 de adrese bitcoin cele mai populare în functie de numarul de iesiri.",
         "address":"Adresa",
         "number_of_outputs":"Numar iesiri",
         "title":"Cele mai populare 100 de adrese bitcoin- Blockchain.info"
      },
      "webgl_globe":{
         "stable_nodes":"Nodurile cele mai stabile",
         "home":"Acasa"
      },
      "pools":{
         "sub_header":"O estimare a distributiei de hashrate printre cele mai mari servere de minat",
         "meta_description":"O diagrama de structura radiala arata distributia hashrate dintre cele mai importante bazine miniere bitcoin",
         "p1":"Graficul de mai jos prezinta cota de piata a bazinelor miniere cele mai populare din bitcoin. Acesta ar trebui sa fie utilizat numai ca o estimare aproximativa si din diferite motive, nu sunt 100% corecte.",
         "hours_24":"24 de ore",
         "hours_48":"48 de ore",
         "count":"Contorizare",
         "header":"Hashrate Distributie",
         "warning":"O mare parte din blocuri Necunoscut nu înseamna un atac asupra retelei, aceasta înseamna pur si simplu ca nu s-a putut determina originea.",
         "title":"Bitcoin Distributie Hashrate - Blockchain.info",
         "known_blocks":"Blocuri bitcoin cunoscute."
      },
      "block_height":{
         "block_reward":"Blocati Recompensa",
         "number_of_transactions":"Numarul tranzactiilor",
         "merkle_root":"Radacina Merkle",
         "estimated_transaction_volume":"Estimata de tranzactie volum",
         "title":"Blocuri Bitcoin la înaltimea {0}",
         "error_fetching_blocks":"Eroare necunoscuta se preia Blocuri din baza de date",
         "meta_description":"Blocuri Bitcoin la înaltime {0} din lantul de bloc bitcoin",
         "previous_block":"Ultimul blcok",
         "output_total":"Total productie",
         "next_blocks":"Blocuri pentru urmatoarele",
         "header":"Înaltime bloc {0}",
         "hash":"Hash?",
         "transaction_fees":"Taxe de tranzactie",
         "no_blocks":"Nu exista Blocuri gasite la aceasta înaltime",
         "height":"Înaltime"
      },
      "hub_nodes":{
         "sub_header":"Prezinta nodurile care au cele mai multe tranzactii retransmise prin blockchain.info. Nodurile de pe aceasta pagina sunt bine conectate la mai multe noduri hub pentru comercianti sau mineri.",
         "meta_description":"Adresele IP ale nodurilor bitcoin care au releu in cele mai multe tranzactii la blockchain.info",
         "location":"Locatie"
      },
      "emails":{
         "tx":{
            "sent_p1":"O plata a fost trimis de la portofel bitcoin.",
            "received_p1":"O plata a fost primita în portofel bitcoin.",
            "header_sent":"Notificarea de plata trimise",
            "header_received":"A-ti primit o notificare de plata"
         },
         "confirmation_code":{
            "p1":"O încercare a fost facuta pentru a va conecta la contul dvs. portofelul meu de la adresa de IP {0}. Introduceti codul de confirmare de mai jos pentru a accesa contul dumneavoastra. În cazul în care nu ai fost cel care a facut aceasta încercare de autentificare puteti ignora acest e-mail."
         },
         "account_locked":{
            "p1":"Un numar de încercari esuate au fost facute in incercarea de logare in contul dvs. Pentru protejarea de noi încercari de conectare pe contul dvs nu se vor mai putea face logari pana la {0}",
            "p2":"Daca aceste încercari de conectare nu au fost facute de catre dumneavoastra este recomandat sa schimbati parola imediat ce contul este disponibil din nou. Daca sunteti îngrijorat în mod special va rugam sa ne contactati.",
            "header":"Cont blocat"
         },
         "two_factor_reset_request":{
            "p1":"O cerere a fost formulata pentru a elimina doi factori de autentificare din contul dvs. Google Wallet meu:",
            "p2":"În cazul în care aceasta cerere a fost facuta de catre dumneavoastra va rugam sa deschideti urmatorul URL pentru a aproba aceasta cerere:",
            "p3":"Daca aceasta cerere nu a fost facuta de catre dumneavoastra va rugam sa deschideti urmatorul URL pentru a refuza aceasta cerere:",
            "p4":"Este cineva care poate poate încercarea de a accesa cu rea intentie sa ajunga la portofel bitcoin. Va rugam sa nu ignorati aceasta cerere.",
            "header":"Doua factor de autentificare solicitare de resetare"
         },
         "your_wallet_identifier":"Id-ul portofelului dvs este:",
         "tip_backup":"Salveaza-ti acum datele folosind dropbox, este gratuit, usor si sigur",
         "password_hints":{
            "p1":"Primi?i acest e-mail deoarece o cerere a fost facuta pentru a vizualiza sugestiile dvs. de portofel parola."
         },
         "welcome":{
            "p1":"Acest e-mail conyine informatii importante despre noua adresa a portofelului dvs. Asigurati-va ca tineti aceste date in siguranta, separat de parola.",
            "login_link":"Autentificare:",
            "confirmation_code":"Codul dvs. de confirmare:",
            "header":"Bine ati venit in portofelul dvs!",
            "notifications_disabled":"Notificarile sunt dezactivate",
            "notifications_enabled":"Notificarile sunt activate",
            "notifications":"Notificari:"
         },
         "tip_reversible":"Aceasta plata poate fi inversat prin expeditor pâna la sustinut.",
         "wallet_backup":{
            "p1":"Atasat acestui email, se afla un backup cryptat al portofelului dumneavoastra care contine tot ce aveti nevoie pentru a restaura fondurile din contul dvs. Puteti face asta oricand pentru {0} sau pentru a folosi un al trei-lea calculator  {1}.",
            "header":"Backup pentru portofelul dvs."
         }
      },
      "transactions_summary":{
         "maturing":"{0} este necesar pâna la cheltuire",
         "you_sent":"Ai trimis",
         "sent_time":"Ora trimiterii",
         "no_double_spend":"Fara dubla cheltuire",
         "transaction_is_double_spend":"Aceasta tranzactie este o dubla Cheltuie!",
         "you_received":"Ati primit",
         "value_at_time":"Valoarea la momentul tranzactiei",
         "poor":"Rau",
         "transaction_fee":"Taxa de tranzactie",
         "double_spend":"Dubla cheltuire"
      },
      "connected_nodes":{
         "sub_header":"Lista de noduri la care Blockchain.info este conectat",
         "total_connected":"Total Conectati: {0}",
         "header":"Noduri conectate",
         "location":"Locatie",
         "title":"Lista nodurilor conectate la bitcoin"
      },
      "stats":{
         "sub_header":"Bitcoin Statistici moneda",
         "meta_description":"Peste 100 de piete bitcoin diferite si statistici de retea. Numarul de noduri, volumul tranzactiilor, dificultati de Minerit si multe altele.",
         "notice2":"Pentru marja de profit costurile hardware sunt estimate a fi 000 de euro pe gigahash la fiecare 2 ani, si latime de banda pe gigahash pe an.",
         "notice1":"Consumul de energie electrica este estimat pe baza consumului de energie de 650 de wati per gigahash si pretul energiei electrice de 15 centi pe kilowatt ora. În realitate, unii mineri vor fi mai mult sau mai putin eficiente.",
         "period":"Toate statisticile sunt pentru o perioada anterioara de 24 de ore cu exceptia cazului în care se prevede altfel",
         "table":{
            "mining_cost":"Costul Mineritului",
            "trade_volume":"Volumul tranzactiilor",
            "total_output_volume":"Volumul total de iesire",
            "total_market_cap":"Totalul de piata al capitalului",
            "number_of_transactions":"Numarul tranzactiilor",
            "percent_earned_from_fees":"% Încasate din taxele de tranzactie",
            "estimated_transaction_volume":"Estimarile de tranzactie volum",
            "percent_of_transaction_volume":"% Din volumul tranzactiilor",
            "electricity_cost":"Costul electricitatii",
            "cost_per_transaction":"Costul pe tranzactie",
            "electricity_consumption":"Consumul de energie electrica",
            "market_price":"Cursul pietii",
            "market_summary":"Rezumatul pietei",
            "blocks_mined":"Blocuri de minat",
            "bitcoins_mined":"Bitcoins minati",
            "total_transaction_fees":"Taxe totale de tranzactionare",
            "hash_rate_electricity":"Rata de distribuire si consum de energie electrica"
         }
      },
      "payment_request":{
         "p1":"Folositi acest formular pentru a solicita cuiva sa va trimita bitcoins sau pur si simplu pentru a arata oamenilor ca aveti o adresa de bitcoin.",
         "pay_me":"Plateste cu bitcoin",
         "title":"Plata ceruta de {0}",
         "please_send":"Va rugam sa trimiteti plata la adresa bitcoin"
      },
      "about_us":{
         "availability_p1":" Scopul nostru este de 99,5% uptime, acest serviciu este oferit pe o baza mare de eforturi. În cazul în care este planificat de întretinere programata, vom notifica utilizatoriilor prin e-mail.",
         "company_footer":"Blockchain.info este detinut si operat de catre Qkos Services Ltd înregistrata in Marea Britanie, numarul de companie 05106799",
         "security_p1":"Politica noastra de securitate este de a organiza cât mai putine date posibil ca, în cazul unei încalcari a securitatii ar putea afecta utilizatorii nostrii. Utilizarea serviciului nostru portofelul meu nu detine sau intercepteaza orice parola sau date de identificare personale, informatiile pentru portofel este sunt stocate în forma criptata. Blockchain.info ruleaza pe hardware-ul dedicat în proprietate privata, care potate fi accesat numai de catre administratorul site-ului. Vom efectua revizuiri periodice de securitate, atât codul nostru si servere de scanare, inclusiv site-ul nostru folosind Nmap pentru a detecta eventualele vulnerabilitati inaintea altor persoane si remedierea lor imediata. Site-ul poate fi în siguranta, accesul utilizând https:\/\/ verificate de GoDaddy.",
         "response_time_alt":"Timpul de raspuns pentru blockchain.info: Ultimele 30 de zile",
         "contact_us":"Contactati-ne",
         "view_website_status":"verifica-ti starea site-ului",
         "sub_header":"Cine suntem si ce facem",
         "media_sub_header":"Mass-media si Logos",
         "about_p1":"Blockchain.info este Bitcoin cele mai populare portofelul bitcoin si explorator bloc. Începând din octombrie 2012, site-ul primeste peste 10.000 de vizitatori pe zi si are peste 30.000 de utilizatori.",
         "privacy_policy":"Politica de confidentialitate",
         "up_time":"Uptime",
         "disclaimer":"Renunta",
         "privacy_p1":"Nu exista loguri de acces ale vizitatorilor pe acest site web, altele decât contoare simple. Noi nu înregistram niciun fel de date referitoare la tranzactiile efectuate prin intermediul Google Wallet meu sau adrese bitcoin utilizate în portofelul meu. Orice adresa de e-mail, numele skype sau alte date cu caracter personal furnizate nu vor fi partajate cu orice tert sau de agentii de publicitate."
      },
      "double_spends":{
         "sub_header":"Dublu petrece detectate în ultimele 500000 tranzactiilor (10 Cache minute)",
         "warning":"Dublu cheltuieste pe aceasta pagina pot fi neintentionata. În cazul în care un dublu petrece este cu rea intentie artizanale fiind listat pe aceasta pagina este nici un indiciu ca a avut succes sau orice comerciant sau ghidul pierdere de bani, ca urmare.",
         "title":"Bitcoin dubla Cheltuieste - Blockchain.info"
      },
      "api_index":{
         "view_documentation":"Vezi Documentatie",
         "receive_payments":"Plati primite",
         "no_account_required":"Nu ai un cont obligatoriu",
         "abuse_notice":"Servicii prestate de blockchain.info sunt gratuite. Va rugam sa nu abuzati de ele.",
         "blockchain_data":"Datele referitoare la tranzactii & Blocks",
         "contact_us":"contactati-ne",
         "bitpay_description":"Blockchain extrem recomanda Bitpay - lider mondial în solutii de Business Bitcoin. Bitpay ofera o solutie completa pentru plata, inclusiv conversia automata a monedelor locale si de integrare cu o serie de software pentru cosul de cumparaturi.",
         "payment_processing":"De procesare a platilor.",
         "simple_query_api":"Simpla interogare API",
         "request_limits_p1":"pentru un cod API, intrece cererea limitatorului te rog",
         "simple_query_api_description":"Text simplu, API pentru informatii privitoare la datele blockchain. Compatibil cu",
         "complete_merchant_solution":"Solutie completa de la comerciant.",
         "welcome":"Bine ai venit, Minerule!",
         "charts_and_statistics_description":"Furaje JSON care contine datele din grafice si statistici.",
         "receive_payments_description":"O metoda incredibil de usoara pentru site-urile web, pentru a primi plati bitcoin.",
         "data_api_description":"Solicitare de date JSON pe blocuri si tranzactii. Aproape toate datele pe care le vedeti pe acest site sunt disponibile în format JSON.",
         "sub_header":"Instrumente pentru dezvoltatori, pentru a obtine date despre blockchain",
         "send_description":"Foarte simplu de utilizat, JSON API, pentru a trimite si a primi programat bitcoins de la un Cont, in portofelul dvs.",
         "meta_description":"Blockchain ofera acces gratuit la API pentru comerciantii bitcoin si pentru dezvoltatori.",
         "send_payments":"Trimite Plati",
         "websocket_description":"Latenta scazuta de streaming, canalul soclu furnizeaza de date privind blocurile noi si tranzactii. Aboneaza-te la notificare pe blocuri, tranzactii sau a unei adrese si pentru a primi obiecte JSON care permite o tranzactie sau o blocheaza atunci când se produce un eveniment.",
         "up_time":"Timp de cand serverul este pornit",
         "header":"Dezvoltator API al bitcoinului",
         "welcome_p1":"Aici vei gasi tot ce ai nevoie pentru a începe codificarea pentru bitcoin. Aveti posibilitatea sa utilizati Blockchain.info 'propriul API sau",
         "up_time_description":"Blockchain.info foloseste un numar mare de baze de date si servere cu calitati hardware ridicate pentru un raspuns cat mai prompt si rapid.",
         "welcome_p2":"Oferte de alte servicii.",
         "json_rpc_description":"Blockchain.info este capabil sa functioneze ca un server bitcoind RPC pentru comercianti si de a interactiona cu functia portofelul meu."
      },
      "block":{
         "no_block_index":"Nr Indicelui bloc cu conditia",
         "meta_description":"Tranzactii continute în bitcoin bloc",
         "summary_table":{
            "main_chain":"Principalul lant",
            "bits":"Biti",
            "block_reward":"Blocati Recompensa",
            "number_of_transactions":"Numarul tranzactiilor",
            "output_title":"Total productie",
            "estimated_transaction_volume":"Volumul estimat al tranzactiilor",
            "transaction_fees":"Taxe de tranzactie",
            "height":"Înaltime"
         },
         "hash_table":{
            "previous_block":"Blocul anterior",
            "next_block":"Blocul urmator (e)",
            "merkle_root":"Merkle radacina",
            "hash":"Hash"
         },
         "transactions_header":"Tranzactii",
         "network_propagation":"Propagarea de retea",
         "transactions_sub_header":"Tranzactii continute în acest bloc"
      },
      "wallet_index":{
         "try_demo_account":"Încercati un cont demo",
         "p1":"Portofelul meu este un portofel gratuit bitcoin on-line pe care il puteti folosi pentru a face plati în întreaga lume fara restrictii.Plata cu bitcoins este u?oara si sigura, disponibila oriunde pe telefonul dvs. sau desktop.",
         "slides":{
            "charts_analytics_p1":"Generati diagrame si rapoarte pentru tranzactiile bitcoin recente. Vezi soldul contului dvs. in timp, numarul de tranzactii si a veniturilor pe zi.",
            "payment_notifications_skype":"Bitcoin Plati Notificari Skype",
            "mobile_support_p2":"Daca telefonul este pierdut sau furat portofelul dumneavoastra va fi în continuare în conditii de siguranta, salvat pe serverele noastre.",
            "double_encryption_p1":"Portofelul dvs bitcoin este stocat pe serverele noastre unde este criptat in AES pe 256 de biti în browser-ul tau. Parola dumneavoastra nu este niciodata partajata cu noi asa ca noi nu mai putem deschide portofelul. Nu numai asta, dar portofelul dumneavoastra poate fi optional criptat din nou cu o parola doua solicita unuia parola pentru autentificare ?i o parola separata pentru a face tranzactii. În cazul în care nu e de ajuns, de asemenea, noi sprijinim o varietate de metode de autentificare cu doi factori, inclusiv Yubikeys Mt.Gox.",
            "charts_analytics_img_title":"Construit în diagrame si Google Analytics",
            "one_click_backups_p1":"Facem toate eforturile pentru a pastra în conditii de siguranta portofel sustinut. Cu toate acestea nu exista nici o substituire pentru a avea o copie de rezerva pe PC-ul propriu. Cu o simpla atingere a unui buton puteti avea portofelul dumneavoastra prin e-mail criptat la tine, salvate în contul dvs. dropbox sau salvate local. Apoi, chiar daca blockchain.info sufera pierderi de date sau merge offline puteti accesa în continuare fondurile dvs.",
            "payment_notifications":"Notificari de plata",
            "double_encryption":"Criptare dubla",
            "payment_notifications_gtalk":"Notificarile de plata prin Google Talk",
            "payment_notifications_p1":"Primiti notificari de fiecare data când o plata este trimisa sau primita de la portofel bitcoin pe care il detine-ti. Întârziere medie de notificari de plata este mai mica de 50ms. Daca primiti o plata în timp ce conectat la portofelul meu un sunet va juca si interfata va actualiza instantaneu, fara a avea nevoie de un refresh la pagina."
         },
         "p2":"Noi nu suntem o banca, veti pastra dreptul de proprietate completa a banilor dumneavoastra. Noi nu putem vedea soldul dvs., consultati tranzactiile dvs., sau de a face plati în numele dumneavoastra.",
         "techradar_quote":"Pâna în 2015, în numerar ar putea fi cautati la fel ca o specie pe cale de disparitie",
         "successfully_transacted":"Tranzactionate cu succes.",
         "control":{
            "p1":"Frumusetea bitcoinului este ca acest serviciu este complet descentralizata, nici un guvern nu poate bloca sau corporatie, plati sau revoca conturi.",
            "p2":"Cu portofelul meu va pastrati controlul deplin al bitcoinurilor si tranzactiilor dvs.",
            "p3":"chei private",
            "p4":"portofele nu pot fi confiscate sau blocate si pot fi importate în orice client de desktop bitcoin.",
            "how_it_works":"Cum functioneaza",
            "title":"Pastrat de control"
         },
         "easy":{
            "p2":"sau online banking. La conectare pe care le vor fi prezentate cu Sold si o lista a tranzactiilor dvs. recente",
            "title":"Usor de utilizat"
         },
         "confused":{
            "p1":"Confuz? Citeste",
            "p2":"Începator? Întrebari frecvente"
         },
         "meta_description":"Portofelul meu este un portofel gratuit bitcoin on-line pe care il puteti folosi pentru a face plati în întreaga lume pentru drum liber.Plata cu bitcoins se face usor si sigur.",
         "features":{
            "live_update":"Actualizarea Interfata live ",
            "full_list":"Vizualizati o lista completa de caracteristici",
            "payment_notifications":"SMS & notificari prin e-mail, legate de plati.",
            "free":"Gratuite, Fara taxe",
            "title":"Caracteristica premium"
         },
         "security":{
            "p1":"Blockchain.info utilizeaza standardul industriei",
            "p2":"criptare pentru a proteja portofelul dumneavoastra de hoti si hackeri. Partea uimitorare este ca criptarea se face tot în browser-ul dvs., înainte de a fi salvat pe serverele noastre, noi nu avem acces la contul dvs!",
            "p3":"Portofel mea se bazeaza pe securitatea prin furnizarea bitcoin o serie de caracteristici pentru a va ajuta sa pastrati în conditii de siguranta, inclusiv bani",
            "offline_transactions":"Tranzactii Offline",
            "remote_backups":"Backup la distanta"
         },
         "deposit":{
            "p1":"Depozit Bitcoins direct în contul dvs. Google Wallet meu în câteva secunde. Prin transfer bancar, depunere de numerar, PingIt Barclays sau de facturare telefon. Disponibil în SUA, Marea Britanie si 100 de tari din întreaga lume."
         },
         "anonymous":{
            "p1":"Toti avem nevoie de un cont pentru o parola, nu exista alte informa?ii de identificare personala este necesara. Noi nu putem vedea cheile publice, vizualiza tranzac?iile dvs. sau verifica soldul contului dvs..",
            "p2":"Portofelul meu include, de asemenea, o constructie în",
            "p3":"garantam tranzactiile 100% anonime."
         },
         "create_my_free_wallet":"Creati portofelul meu Gratuit",
         "merchants":{
            "p1":"1000 de comercianti accepta deja în toata lumea bitcoin cu altele noi care uneste de zi cu zi. Totul, de la Poker Online la cafea ecologica în lume puteti cumpara cu bitcoins.",
            "p2":"O lista completa a comerciantiilor bitcoin pot fi gasite pe",
            "title":"Comercianti din întreaga lume"
         },
         "tooltips":{
            "offline_transactions_title":"Tranzactii Offline",
            "aes_title":"Criptare AES",
            "private_key":"Adresa Bitcoin este formata din doua parti. Cheia privata este prima parte, care este folosit pentru a dovedi dreptul de proprietate asupra unei adrese si este nevoie pentru a retrage fonduri. Acesta ar trebui sa fie pastrate în siguranta în orice moment.",
            "remote_backup":"Backup de la distanta este atunci cand portofelul tau este stocat în loca?ii diferite, altele decât PC-ul local. Acest lucru este important pentru a garanta faptul ca banii nu se pierd în cazul unei defec?iuni hard disk sau defec?iune alt computer",
            "offline_transactions":"Tranzactiile offline bitcoin, tranzactii care sunt generate, fara o conexiune activa la Internet. Acestea sunt considerate mult mai sigure ca PC-ul este izolat de pe internet.",
            "paper_wallet":"Un portofel este un document de hârtie imprimabila care contine toate informatiile necesare pentru a recupera bitcoinurile tale.",
            "paypal":"PayPal este un furnizor de plata important",
            "aes":"Un standard de criptare extrem de puternic adoptat de catre guvernul SUA, iar acum utilizate pe scara larga în întreaga lume pentru VPN si alte comunicari criptate",
            "remote_backup_title":"Backup la distanta"
         }
      },
      "misc":{
         "support_desk":"Departamentul de support",
         "unknown_exception":"Exceptie necunoscuta",
         "and_word":"si",
         "disclaimer":"Orice utilizare a banilor pe termen lung pe acest site se refera numai la moneda virtuala. Noi nu garantam ca monedel bitcoins pot fi rascumparate la pretul de cumparare."
      },
      "error_page":{
         "p1":"Daca credeti ca acest lucru poate sa fie o greseala va rugam sa contactati {0}.",
         "error_404":"Pagina nu a fost gasita, va rugam sa verificati daca a-ti tastat corect adresa."
      },
      "wallet":{
         "help":"Ajutor ?i Asistenta",
         "new_users_p1":"Crearea unui nou portofel bitcoin dureaza doar câteva secunde. Veti fi capabil sa trimite-ti si sa primi-ti plati imediat.",
         "existing_users":"Acest nume de utilizator este deja folosit, va rugam incerca-ti unul nou",
         "help_p1":"Va rugam sa consultati intrebari frecvente. Pentru orice probleme cu site-ul va rugam sa ne contactati.",
         "start_new":"Crea-ti un portofel nou",
         "slogan":"Fii propriul tau bancher",
         "existing_users_p1":"Daca anterior ati creat un cont Google Wallet meu click mai jos sa te autentifici."
      },
      "address":{
         "next":"Urmator",
         "deposit_with_cash":"Depoziteaza numerar",
         "donation_button":"Buton de donatie",
         "invalid_hash_160":"Ne pare rau dar acest lucru nu este un hash valabil 160",
         "transactions":"Tranzactii",
         "double_spend_warning":"Atentie! Aceasta adresa de bitcoin contine tranzactii care poate dubla petrece. Tu ar trebui sa fii extrem de atent atunci când te încredezi in orice tranzactie pentru a trimite sau primi bitcoins de la aceasta adresa.",
         "too_large_to_filter":"Acest registru este prea mare pentru a putea fi filtrata",
         "sub_header":"Adresele sunt identificatori care se utilizeaza pentru a trimite bitcoins catre o alta persoana.",
         "meta_description":"Tranzactii trimise si primite de la adresa de bitcoin",
         "invalid_address":"Ne pare rau acesta nu este o adresa de bitcoin valida",
         "request_payment":"Cerere de plata",
         "no_transactions":"Nu exista tranzactii gasite pentru aceasta adresa, ea probabil nu a fost utilizat în retea înca.",
         "table_summary":{
            "address":"Adresa",
            "taint_analysis":"Analiza pata",
            "related_tags":"Alte taguri asemanatoare"
         },
         "no_address_provided":"Numarul adresei furnizare",
         "table_transactions":{
            "number_of_transactions":"Nr Tranzactii",
            "title":"Tranzactii",
            "unspent_inputs":"Intrari necheltuite",
            "total_received":"Totala primite"
         }
      },
      "blocks":{
         "next":"Urmator",
         "blocks_found_by":"Blocuri Ultimul gasite de {0}",
         "main_chain":"Principalul canal?",
         "title1":"Blocuri Ultimul gasite de {0}",
         "transactions":"Tranzactii",
         "hash":"Hash?",
         "height":"Înaltime"
      },
      "translations_page":{
         "p1":"Blockchain.info este acum disponibil în 16 limbi diferite. Cu toate acestea, traducerea a fost facuta în primul rând de catre masina, avem nevoie de ajutorul dvs. pentru a oferi traduceri mai bune.",
         "p2":"Daca sunteti familiarizat cu {0} ?i {1} urmati instructiunile de mai jos:",
         "title":"Ajutor Traduceti Blockchain.info",
         "steps":{
            "fork":"Furculita",
            "pull_request":"Cerere",
            "_3":"Descarcati un bun editor de JSON. Va recomandam libera \"2 Textul Sublime\" disponibil pentru Windows, Mac si Linux.",
            "_4":"Deschideti fisierele auto_ {} your_language JSON ?i. {} Your_language partea JSON. Prin lateral.",
            "_5":"Orice fraze în fisierul generat automat, care nu au sens puteti sa le copiati într-un alt fisier si sa corectati greselile.",
            "_6":"Structura JSON trebuie sa fie identice în ambele dosare, nu editati oricare dintre numele de cheie.",
            "_7":"Când ati terminat ati terminat traducerea trimiteti {0}.",
            "_8":"Includeti adresa dvs de bitcoin pentru o recompensa sau daca preferati schimbati link-ul de pe pagina de start a site-ul dvs. propriu."
         },
         "how_to_help":"Cum puteti ajuta"
      },
      "startup_message":{
         "p1":"Ar trebui sa fie înapoi în câteva secunde. S-ar putea fi chiar noi caracteristici.",
         "header":"Site-ul se încarca ..."
      },
      "relayed_by":{
         "country":"Tara",
         "warning":"Aceste adrese IP au fost primite de catre releul o tranzactie care implica adresa selectata. Aceasta nu înseamna neaparat ca sunt proprietarul tranzactiei."
      },
      "home":{
         "other_links":{
            "unconfirmed":"Tranzactii neconfirmate",
            "nodes2":"Un jurnal al tuturor blockchain.info bitcoin nodurile s-a conectat la",
            "largest":"Tranzactii mai mari",
            "orphaned2":"Blocuri valabile nu face parte din lantul de bitcoin principal",
            "double_spends2":"De 2 ori petrece detectate în ultimele 500,000 tranzac?ii",
            "most_popular2":"Adresele care au primit cele mai multe plati",
            "unconfirmed2":"Tranzactiile asteapta sa fie incluse într-un bloc",
            "largest2":"Cele mai mari 100 de tranzactii din ultimele 50000 de tranzactii",
            "pools":"Statistici Pool",
            "wallet2":"Gestionati banii cu portofelul Bitcoin-ul web, cele mai avansate.",
            "hub_nodes2":"O lista a celor mai bine conectat bitcoin supernodes",
            "globe2":"In lume WebGL aratând noduri bitcoin (necesita Chrome, Safari)",
            "strange":"Tranzactii ciudate",
            "hub_nodes":"Noduri Hub",
            "rejected2":"Blocuri si tranzactiile care au fost respinse de catre nodurile noastre",
            "nodes":"Lista noduri Bitcoin",
            "pools2":"Diagrama radiala, arata cota de piata a bazinelor miniere de top bitcoin",
            "notifications2":"Primi?i notificari prin e-mail gratuite atunci când nu exista activitate pe adresele bitcoinului dvs.",
            "strange2":"Tranzactii pe care am fost în imposibilitatea de a decoda adresa de iesire",
            "address_tags2":"Etichetati adresele publice bitcoin.",
            "most_popular":"Adresele cele mai populare",
            "notifications":"Notificari de plata"
         },
         "sub_header":"Blocuri cel mai recent minat în lantul de bloc bitcoin",
         "meta_description":"Bitcoin Block Explorer & Statistica. Vizualiza informatii detaliate cu privire la toate tranzactiile bitcoinurilor si ale blocurilor.",
         "search":"Cautati",
         "search_explain":"Puteti introduce un bloc de înaltime, adresa, hash bloc, hash tranzactie, hash160, sau IPv4 adresa ..",
         "table_headers":{
            "transactions":"Tranzactii",
            "age":"Vârsta",
            "height":"Înaltime",
            "relayed":"Retransmis"
         },
         "about":{
            "p1":"Bitcoin este o moneda de tip peer-to-peer. Peer-to-peer nu înseamna ca problemele centrale, autoritatea monetara, noi, sau tranzactii. Aceste sarcini sunt gestionate colectiv de retea.",
            "p2":"Acest site va permite sa navigati blockchain bitcoin (o baza de date care contine informatii despre toate tranzactiile). Ne desfasuram activitatea, de asemenea, serviciul de bitcoin portofelul cel mai mare si mai sigura.",
            "p3":"Pentru o introducere în bitcoin va rugam sa consultati {0}"
         },
         "header":"Acasa",
         "latest_transactions":"Ultimele Tranzactii"
      },
      "push_tx":{
         "p1":"Aceasta pagina va permite sa lipiti o tranzactie în hex prime (de exemplu caracterele 0-9, af), aceastea vor fi apoi verificate, acesta este valabil si transmise prin retea.",
         "submit":"Trimiteti tranzactie",
         "header":"Broadcast tranzac?ie",
         "title":"Tranzactie Broadcast - Blockchain.info"
      },
      "ip_log":{
         "sub_header":"Lista de bitcoin, noduri blockchain.info.",
         "next":"Urmator",
         "meta_description":"O lista cu toate adresele IP, care s-au conectat la reteaua bitcoin.",
         "search":"Cautati",
         "location":"Locatie",
         "last_connected":"Ultima autentificare"
      },
      "tx_tree":{
         "meta_description":"Un grafic care arata rezultatele tranzactiei bitcoin {0}",
         "output_unspent":"De iesire este necheltuit si nu are copii.",
         "output_spent":"Productia este cheltuit - Click aici pentru a încarca copiii sai.",
         "header":"Tranzactie Vizualizare",
         "title":"Vizualizati tranzactie {0} - Blockchain.info"
      },
      "ads":{
         "bitinstant":{
            
         }
      },
      "strange_transactions":{
         "sub_header":"Tranzactii care contin iesiri de la care am fost în imposibilitatea de a decoda o adresa de bitcoin.",
         "meta_description":"O lista de bitcoin cu iesiri non-standard",
         "header":"Tranzactii ciudate",
         "title":"Tranzactii Ciudate - Blockchain.info"
      },
      "propagation":{
         "sub_header":"Arata distributia unei tranzactii sau bloc de-a lungul retelei",
         "connected":"Conectat",
         "disconnected":"Deconectat",
         "mining_pools":"Bazine pentru minerit",
         "header":"Propagarea de retea",
         "probable_owner":"Proprietar probabil",
         "title":"Bitcoin Reteaua Propagare - Blockchain.info",
         "node_list_sub":"Toate nodurile care au fost retransmise acestui obiect de inventar",
         "network_percent":"Procent din retea"
      },
      "deposit":{
         "instructions":"Instructiuni:",
         "account_number":"Numar de cont",
         "amount_help":"Introduceti suma pentru a achizitiona în {0}.",
         "order_reference":"Ordinul de referinta",
         "fee":"{0}% Taxa",
         "you_receive":"Primiti:",
         "pingit_instructions_2":"Plata trebuie sa fie trimis de la {0}.",
         "pingit_instructions_1":"Pentru a finaliza aceasta ordine de plata va rugam sa trimiteti de {0} la {1} folosind referinta {2}. Verificati cu atentie numarul de referinta.",
         "reference":"De referinta:",
         "you_pay":"Veti plati:",
         "depsit_with_cash_description":"Peste 700,000 de conturi localizate in intreaga lume",
         "sms_p1":"Dupa ce ati verificat efectivul de cumparare se poate face de pe un alt numar de telefon sau telefon fix.",
         "please_verify":"În scopul de a utiliza nostru {0} de servicii de depozit va rugam sa confirmati numarul dvs. de telefon mobil.",
         "bank_name":"Nume banca",
         "uk_bank_p1":"Va rugam sa introduceti detaliile titularului de cont",
         "pingit_p1":"Daca nu ai un cont PingIt inca , configurarea este usor de facut chiar si aplicatia poate fi descarcata de pe App Store pe telefonul tau inteligent.",
         "select_country":"Alegeti o tara",
         "payment_method":"Metoda de plata:",
         "uk_bank_p2":"Va rugam sa revizuiti detaliile de mai jos",
         "amount":"Suma",
         "select_currency":"Selectati valuta",
         "to_address":"Catre Adresa:",
         "full_instructions":"Instructiuni complete",
         "anonymous_help":"Bitcoinurile vor fi trimise prin mixer pentru a face tranzactia anonima. (1,5% Comision).",
         "large_package":"Pachetul mare",
         "faster_payments":"Plati rapide",
         "dob":"Data nasterii",
         "make_anonymous":"Asigurati anonimatul",
         "small_package":"Pachetul mic",
         "name":"Numele intreg"
      },
      "header":{
         "home_title":"Blockchain.info Acasa",
         "charts_title":"Grafice Bitcoin",
         "search_placeholder":"Cautati",
         "wallet_title":"Portofel Bitcoin",
         "logo_alt_title":"Bitcoin bloc Explorer si statisticile Monezii",
         "home":"Acasa",
         "stats_title":"Statistici Bitcoin"
      },
      "maintenance":{
         "p1":"Blockchain.info este în prezent offline pentru întretinere. Pentru actualizari de stare va rugam sa consulta?i {0}. Ne cerem scuze pentru orice inconvenient.",
         "title":"Site-ul se afla intr-o scurta perioada de întretinere, va rugam sa reveniti in scurt timp - Blockchain.info"
      },
      "transaction":{
         "output":"Productie",
         "public_note":"Nota Publica",
         "unconfirmed_transaction":"Tranzactie neconfirmate!",
         "confirmations":"Confirmari",
         "no_inputs":"Nu exista Intrari (nou generate de monede)",
         "output_decode_error":"Imposibil de a decoda adresa de iesire"
      },
      "errors":{
         "unknown_error":"Eroare necunoscuta",
         "invalid_bitcoin_adddress":"Adresa bitcoin invalida",
         "missing_parameter":"Parametru lipsa",
         "invalid_last_name":"Nume invalid",
         "invalid_numerical_value":"Valoare numerica invalida",
         "block_not_found":"Block negasit",
         "invalid_block_hash":"Block hash invalid",
         "invalid_date_of_birth":"Data nasterii invalida",
         "invalid_first_name":"Prenume invalid"
      },
      "notifications":{
         "wallet_login":"Autentificare portofel",
         "wallet_welcome_title":"Bine ati venit la portofelul dvs.",
         "payment_received_title":"Plati Bitcoin primite",
         "notifications_limit_body":"Ati atins limita de notificari. Notificarile au fost dezactivate pentru 24 de ore",
         "payment_sent_body":"O plata a trimis din portofel bitcoin din valoarea {0} (aprox: {1})",
         "sms_authentication_code":"Portofelul meu, Cod de autentificare: {0}",
         "payment_received_body":"Ati primit o plata bitcoin de valoarea {0} (aprox: {1})",
         "payment_sent_title":"Plata Bitcoin a fost Trimisa",
         "malformed_url":"Ati încercat sa trimiteti o alerta e-mail la o adresa URL incorecta. Notificarile au fost dezactivate.",
         "confirmation_code_title":"Portofelul meu, Cod de confirmare",
         "unsubscribe":"Dezabonati-va",
         "notifications_limit":"Notificari de plata Limit",
         "account_locked_title":"Contul dvs. My Wallet a fost blocat"
      },
      "orphaned_blocks":{
         "btc_sent":"BTC Trimisi",
         "meta_description":"Blocurile de orfani sunt blocuri valide, si fac parte din lantul de bloc principal bitcoin.",
         "p1":"Blocuri decomandat sau orfani sunt valide blocuri care nu fac parte din lan?ul de principal. Ele pot aparea in mod natural, atunci când doua minerii produc blocuri la nr de ori similare sau pot fi cauzate de un atacator (cu putere suficienta hashing) încercarea de a inversa tranzac?ii.",
         "number_of_transactions":"Numarul tranzactiilor",
         "previous_page":"Pagina anterioara"
      },
      "ip_info":{
         "sub_header":"Tranzactiile care au fost retransmise de catre primul ip {0}",
         "meta_description":"Tranzactii Bitcoin transmis prin adresa IP {0}",
         "header":"Tranzactii transmis de {0}",
         "title":"Tranzactii trimise de {0} - Blockchain.info"
      }
   },
   "name":"Romanian",
   "native_name":"Română",
   "properties":{
      "extends":"auto_romanian"
   }
}