{
   "flag":"th.png",
   "code":"th",
   "strings":{
      "largest_transactions":{
         "meta_description":"รายการของการทำธุรกรรมที่ใหญ่ที่สุดเมื่อเร็ว ๆ นี้ Bitcoin"
      },
      "charts":{
         "my_wallet_n_users2":"โฮสต์กระเป๋ารวมการใช้บริการกระเป๋าสตางค์ของเราฉัน",
         "days_destroyed_cumulative2":"วัน Bitcoin Ruined เป็นตัวชี้วัดปริมาณธุรกรรม Bitcoin ถ้าใครมี 100 BTC ว่าพวกเขาได้รับในสัปดาห์ที่ผ่านมาและพวกเขาใช้เวลา 700 วันต่อมา Bitcoin ได้ถูกทำลาย ถ้าพวกเขาใช้เวลาของพวกเขา 100BTC และส่งไปยังที่อยู่หลายและจากนั้นใช้จ่ายพวกเขาแล้วแม้ปริมาณรวมของการทำธุรกรรมสามารถจำนวนมากโดยพลการของ Bitcoin ทำลายเป็น 700 วัน",
         "mywallet_total_Received_per_day":"My Wallet: รวมที่ได้รับต่อวันไป:",
         "mywallet_total_btc_received":"My Wallet: BTC ได้รับ",
         "n_transactions_excluding_popular2":"กราฟแสดงจำนวนรวมของการทำธุรกรรม Bitcoin ซ้ำกันต่อวันไม่รวมถึงการทำธุรกรรมที่เกี่ยวข้องกับหนึ่งในความนิยมมากที่สุดที่อยู่ 100",
         "avg_confirmation_time2":"เวลาเฉลี่ยใช้เวลาในการได้รับการยอมรับในการทำธุรกรรมบล็อก",
         "operating_margin2":"กราฟแสดงผลประกอบการของคนงานเหมืองน้อยค่าใช้จ่ายของการผลิตไฟฟ้าและแบนด์วิดธ์",
         "mywallet_balance_over_time":"My Wallet: ยอดในช่วงเวลา",
         "meta_description":"แผนภูมิที่นิยมมากที่สุดและสถิติเกี่ยวกับเครือข่าย Bitcoin จำนวนการทำธุรกรรมต่อวันราคาในตลาด, แผนภูมิปริมาณ ฯลฯ",
         "estimated_transaction_volume2":"คล้ายกับปริมาณของผลผลิตด้วยนอกเหนือจากอัลกอริทึมที่พยายามที่จะลบการเปลี่ยนแปลงจากทั้งหมด นี้น่าจะเป็นภาพสะท้อนที่แม่นยำมากขึ้นจากปริมาณธุรกรรมที่เกิดขึ้นจริง",
         "network_deficit2":"แสดงให้เห็นถึงความแตกต่างระหว่างต้นทุนการทำธุรกรรมและต้นทุนของการทำเหมืองแร่ Bitcoin",
         "n_transactions_excluding_popular":"จำนวนของการทำธุรกรรมรวมทั้งที่อยู่ที่เป็นที่นิยม",
         "output_volume2":"มูลค่ารวมของธุรกรรมทั้งหมดเอาท์พุทต่อวัน ซึ่งรวมถึงเหรียญจะกลับไปยังผู้ส่งการเปลี่ยนแปลง",
         "my_wallet_n_tx":"จำนวนการทำธุรกรรมต่อวันกระเป๋าสตางค์ของฉัน",
         "market_cap2":"กราฟแสดงจำนวนรวมของ Bitcoins ในการไหลเวียนของ * ราคาตลาดใน USD",
         "blockchain_size2":"ขนาดรวมของบล็อกส่วนหัวและการทำธุรกรรม ไม่รวมฐานข้อมูลดัชนี",
         "miners_revenue2":"แผนภูมิประวัติการแสดงจำนวน Bitcoins ศีลธรรมต่อวัน + * รายการค่าใช้จ่ายราคาในตลาด",
         "cost_percent_per_transaction2":"กราฟแสดงคนงานเหมืองเป็นรายได้เป็นเปอร์เซ็นต์ของปริมาณธุรกรรม",
         "mywallet_n_transactions_per_day":"My Wallet: จำนวนของการทำธุรกรรมต่อวัน",
         "total_bitcoins2":"กราฟแสดงจำนวนประวัติศาสตร์ของ Bitcoins ซึ่งได้รับการขุด",
         "errors":{
            
         },
         "n_unique_addresses2":"กราฟของจำนวนของที่อยู่ไม่ซ้ำกันที่มีการใช้ Bitcoin ต่อวัน"
      },
      "donation_button":{
         
      },
      "transaction_page":{
         "estimated_possibly_never":"อาจจะไม่เคย (Double Spend)",
         "double_spend":{
            
         }
      },
      "popular_addresses":{
         "title":"Bitcoin 100 ยอดนิยมที่อยู่ - Blockchain.info"
      },
      "pools":{
         "p1":"กราฟด้านล่างแสดงส่วนแบ่งการตลาดของสระว่ายน้ำที่นิยมมากที่สุด Bitcoin เหมืองแร่ มันควรจะใช้เป็นประมาณการคร่าวๆและเหตุผลต่างๆจะไม่ถูกต้อง 100%",
         "warning":"มากที่สุดของบล็อกเป็นที่รู้จักกันไม่ได้หมายความว่าการโจมตีบนเครือข่ายก็แค่หมายความว่าเราได้รับสามารถที่จะกำหนดที่มาของมัน"
      },
      "block_height":{
         "meta_description":"บล็อก Bitcoin ที่ความสูงของ {0} ในห่วงโซ่บล็อก Bitcoin",
         "no_blocks":"ไม่มีบล็อกที่ความสูงระดับนี้",
         "error_fetching_blocks":"การบล็อกผิดพลาดไม่ทราบจากฐานข้อมูล"
      },
      "redirect_page":{
         
      },
      "connected_nodes":{
         
      },
      "about_us":{
         "availability_p1":" เรามุ่งมั่นที่ 99.5% สำหรับเวลา แต่บริการนี้จะให้อยู่บนพื้นฐานความพยายามที่ดีที่สุด ถ้าบำรุงรักษาที่กำหนดมีการวางแผนเราจะแจ้งให้ผู้ใช้ทางอีเมล",
         "company_footer":"Blockchain.info เป็นเจ้าของและดำเนินการโดย Qkos จำนวนบริการ จำกัด บริษัท สหราชอาณาจักรที่ลงทะเบียน 05106799",
         "security_p1":"นโยบายความปลอดภัยของเราคือการให้น้อยที่สุดเท่าที่เป็นไปได้ว่าข้อมูลในกรณีที่มีการละเมิดความปลอดภัยอาจมีผลต่อผู้ใช้ของเรา ใช้บริการกระเป๋าสตางค์ของฉันเราไม่ได้มีหรือ intercept รหัสผ่านหรือข้อมูลส่วนบุคคลข้อมูลที่ระบุกระเป๋าสตางค์เราเก็บไว้เฉพาะในรูปแบบการเข้ารหัส Blockchain.info ทำงานบนฮาร์ดแวร์เฉพาะเอกชนที่สามารถเข้าถึงได้โดยผู้ดูแลเว็บไซต์ เราดำเนินการรักษาความปลอดภัยคิดเห็นปกติของทั้งรหัสและเซิร์ฟเวอร์ของเว็บไซต์ของเรารวมถึงการสแกนโดยใช้ nmap เพื่อตรวจหาช่องโหว่ที่เป็นไปได้ในช่วงต้น เว็บไซต์นี้สามารถเข้าถึงได้อย่างปลอดภัยโดยใช้ https:\/\/ ตรวจสอบโดย GoDaddy",
         "privacy_p1":"มี log ใช้ไม่ได้เก็บไว้สำหรับการเยี่ยมชมไปยังเว็บไซต์นี้นอกเหนือไปจากเคาน์เตอร์ง่าย เราไม่ได้ล็อกข้อมูลที่เกี่ยวข้องกับการทำธุรกรรมดำเนินการผ่านกระเป๋าหรือที่อยู่ของฉัน Bitcoin ใช้ในกระเป๋าสตางค์ของฉัน แต่ละที่อยู่อีเมลชื่อ Skype หรือข้อมูลส่วนบุคคลอื่น ๆ ที่จะไม่สามารถใช้ร่วมกับบุคคลที่สามใด ๆ หรือผู้โฆษณา"
      },
      "stats":{
         "notice2":"สำหรับกำไรอัตราค่าใช้จ่ายฮาร์ดแวร์นั้นคาดว่าจะ 000 ดำเนินการต่อไป gigahash ทุก 2 ปีและแบนด์วิดธ์ต่อ gigahash ต่อปี",
         "table":{
            
         }
      },
      "payment_request":{
         "p1":"ใช้แบบฟอร์มนี้ขอให้คนที่จะส่ง bitcoins หรือเพียงเพื่อแสดงให้คนที่คุณมีที่อยู่ Bitcoin"
      },
      "double_spends":{
         "warning":"Bitcoin ใช้เวลาสองครั้งในหน้าเหล่านี้อาจไม่เจตนา รายการธุรกรรมที่ใช้ Bitcoin อยู่สองครั้งในหน้านี้เป็นข้อบ่งชี้ว่ามันเป็นที่ประสบความสำเร็จหรือผู้ค้าหรือผู้ใช้สูญเสียเงินเป็นผลไม่มี"
      },
      "api_index":{
         "meta_description":"Blockchain ให้ APIs ฟรีสำหรับผู้ค้าและนักพัฒนา Bitcoin",
         "send_description":"ไฟ JSON ง่ายจะใช้ในการเขียนโปรแกรมส่งและรับจากบัญชี bitcoins กระเป๋าสตางค์ของฉัน",
         "receive_payments_description":"วิธีการที่จะเข้าใจผิดสำหรับเว็บไซต์ที่จะยอมรับการชำระเงิน Bitcoin",
         "websocket_description":"ต่ำไหลช่องแฝงซ็อกเก็ตให้ข้อมูลเกี่ยวกับบล็อกใหม่และการทำธุรกรรม สมัครสมาชิกแจ้งให้ทราบในบล็อกธุรกรรมหรือที่อยู่และได้รับวัตถุ JSON ที่จะอธิบายการทำธุรกรรมหรือบล็อกเมื่อเหตุการณ์เกิดขึ้น",
         "simple_query_api_description":"ง่าย API เพื่อแบบสอบถาม blockchain ข้อความที่เป็นข้อมูล เข้ากันได้กับ",
         "abuse_notice":"การให้บริการโดย blockchain.info เสียค่าใช้จ่าย กรุณาอย่าให้พวกเขา",
         "welcome_p1":"ที่นี่คุณจะพบทุกสิ่งที่คุณจำเป็นต้องเริ่มการเข้ารหัสสำหรับ Bitcoin คุณสามารถใช้ API หรือ Blockchain.info",
         "up_time_description":"Blockchain.info ใช้ว่างสูงกลุ่มฐานข้อมูลและฮาร์ดแวร์เฉพาะเวลาสูงสุดและเวลาตอบสนองที่ต่ำ",
         "welcome_p2":"การให้บริการของผู้อื่น",
         "bitpay_description":"Blockchain ขอแนะนำให้ Bitpay - ผู้นำในธุรกิจโซลูชั่น Bitcoin Bitpay เสนอโซลูชั่นที่สมบูรณ์สำหรับการเช็คเอารวมทั้งการแปลงโดยอัตโนมัติในสกุลเงินท้องถิ่นและบูรณาการที่มีจำนวนของซอฟต์แวร์รถเข็น"
      },
      "block":{
         "meta_description":"การทำธุรกรรมที่มีอยู่ในบล็อกของ Bitcoin",
         "summary_table":{
            
         },
         "hash_table":{
            
         }
      },
      "startup_message":{
         
      },
      "translations_page":{
         "p1":"Blockchain.info นี้สามารถใช้ได้ใน 16 ภาษาที่แตกต่างกัน แปลได้รับการดำเนินการหลักโดยเครื่องเราต้องการความช่วยเหลือของคุณเพื่อให้แปลที่ดีกว่า",
         "steps":{
            "_8":"รวมถึงที่อยู่ของคุณ Bitcoin สำหรับของขวัญหรือถ้าคุณต้องการที่จะเปลี่ยนการเชื่อมโยงบนหน้าแรกของเว็บไซต์ของคุณเอง"
         }
      },
      "relayed_by":{
         "warning":"นี่คือที่อยู่ IP แรกเป็นครั้งแรกที่การทำธุรกรรมที่เกี่ยวข้องกับการถ่ายทอดอยู่ที่เลือก นี้ไม่ได้หมายความว่าพวกเขาเป็นเจ้าของของการทำธุรกรรม"
      },
      "ip_log":{
         "meta_description":"รายการที่อยู่ IP ทั้งหมดที่ได้รับการเชื่อมต่อกับเครือข่าย Bitcoin"
      },
      "push_tx":{
         "p1":"หน้านี้จะช่วยให้คุณสามารถแทรกจัดการดิบใน hex (เช่นอักขระ 0-9, AF) มีการตรวจสอบแล้วมันถูกกฎหมายและส่งผ่านเครือข่าย"
      },
      "ads":{
         "bitinstant":{
            
         }
      },
      "propagation":{
         "sub_header":"แสดงให้เห็นถึงการกระจายตัวของการทำธุรกรรมหรือปิดกั้นเครือข่ายทั้งหมด"
      },
      "deposit":{
         "_continue":"ดำเนินการต่อไป",
         "sms_p1":"หลังจากที่คุณได้ถูกตรวจสอบ การซื้อจริงสามารถทำจากโทรศัพท์หมายเลขหรือระหว่างโทรศัพท์อื่น",
         "please_verify":"ในการใช้ของเรา {0} ฝากบริการโปรดตรวจสอบหมายเลขโทรศัพท์มือถือของคุณที่นี่",
         "phone_sms":"โทรศัพท์ \/ ข้อความ",
         "pingit_p1":"ถ้าคุณไม่มีบัญชี PingIt ยัง ตั้งค่าเป็นเรื่องง่าย และ app สามารถดาวน์โหลดได้จากเก็บ app บนโทรศัพท์สมาร์ทของคุณ",
         "anonymous_help":"Bitcoins จะถูกส่งผ่านเครื่องผสมเพื่อความเป็นส่วนตัวของเราดีขึ้น (1.5%) ค่าธรรมเนียม",
         "pingit_instructions_2":"กรุณาส่งชำระจาก { 0 }",
         "pingit_instructions_1":"เพื่อทำใบสั่งนี้ กรุณาส่งเงิน { 0 } { 1 } ใช้อ้าง { 2 } ตรวจสอบหมายเลขการอ้างอิงอย่างละเอียด"
      },
      "header":{
         
      },
      "errors":{
         
      },
      "notifications":{
         "payment_sent_title":"วิธีการชำระเงินBitcoinส่ง",
         "malformed_url":"พยายามที่จะส่งการแจ้งเตือนอีเมลไปยัง URL พิการ เวปไซด์ถูกปิดใช้งาน",
         "notifications_limit_body":"ท่านได้มาถึงการแจ้งของคุณ เวปไซด์ถูกปิดใช้งานเป็นเวลา 24 ชั่วโมง"
      },
      "ip_info":{
         
      },
      "unconfirmed":{
         
      },
      "wallet_new":{
         "mnemonic_modal_p2":"<b>โดยไม่ต้องจำเราไม่สามารถช่วยกู้คืนรหัสผ่านลืมและจะมีผลในการสูญเสียทั้งหมดจาก Bitcoins ของคุณ!<\/b>",
         "dont_forget_password_p1":"คำเตือน: <b>รหัสผ่านลืมจะไม่สามารถกู้และผลจะอยู่ในการสูญเสียทั้งหมดจาก Bitcoins ของคุณ!<\/b>",
         "wallet_created_p1":"กระเป๋าเงินออนไลน์ใหม่ของคุณได้ถูกสร้างขึ้น มันเป็นสิ่งสำคัญที่คุณให้ทั้งสองระบุกระเป๋าสตางค์และรหัสผ่านของคุณมีความปลอดภัย เราเท่านั้นที่จะสามารถที่จะช่วยกู้คืนกระเป๋าสตางค์ระบุสูญหายไปถ้าคุณให้เราด้วยที่อยู่อีเมลที่ถูกต้อง เราไม่สามารถช่วยกู้คืนรหัสผ่านที่หายไป!",
         "alias_sub":"คุณสามารถเลือกนามแฝงกับกระเป๋าสตางค์ของคุณที่คุณสามารถเข้าสู่ระบบด้วยแทนการใช้ตัวระบุ",
         "email_sub":"หากคุณต้องการให้เราส่งอีเมลถึงคุณเชื่อมโยงไปยังกระเป๋าสตางค์ใหม่ของคุณโปรดป้อนที่อยู่อีเมลของคุณด้านล่าง",
         "title":"My Wallet",
         "continue_btn":"ดำเนินการต่อไป"
      },
      "wallet_app":{
         "nav":{
            
         },
         "transactions":{
            
         },
         "title":"My Wallet",
         "import_export":{
            "import_paper_p1":"ใช้เว็บแคมของคุณเพื่อสแกนโค้ด QR จากกระเป๋าสตางค์ของกระดาษ",
            "import_wallet_formats":{
               
            },
            "desktop_sync_step2_p1":" เพื่อให้เบราว์เซอร์ของคุณจะพูดคุยกับลูกค้าเดสก์ทอปของคุณของคุณจะต้องเปิดใช้งานเซิร์ฟเวอร์ Bitcoin RPC ในไฟล์ Bitcoin.conf ถ้าแฟ้มไม่ได้อยู่ที่คุณจะต้องสร้างมันขึ้นมา ตัวอย่างเช่น:",
            "brain_wallet_p2":"ระยะเวลาในการส่งผ่านวลีขั้นต่ำไม่เกิน 15 อักขระ ก็ขอแนะนำว่าคุณยังคงเก็บสำรองข้อมูลปกติของกระเป๋าสตางค์ของคุณแม้จะมีผ่านวลีที่จำ-",
            "brain_wallet_p1":"กระเป๋าสตางค์สมองเป็นเรือธงของหน่วยความจำส่วนตัวผ่านวลีที่สำคัญ มันเป็นไปได้ที่จะจดจำรหัสผ่านในการกู้คืนเงินทุนที่อยู่นี้โดยไม่จำเป็นต้องสำรองกระเป๋าสตางค์",
            "rpc":{
               "_continue":"ดำเนินการต่อไป"
            },
            "export_unencrypted_p1":"ที่นี่คีย์ส่วนตัวของคุณในรูปแบบที่เป็น JSON คำเตือน! ข้อมูลนี้ไม่ได้เข้ารหัส",
            "watch_only_p1":"คุณอาจเพิ่ม {0} ที่อยู่ Bitcoin ไปกระเป๋าสตางค์ของคุณ คุณจะไม่สามารถที่จะส่ง Bitcoins จากที่อยู่นี้ได้โดยไม่ต้องต่อมาให้คีย์ส่วนตัว",
            "desktop_sync_p1":"เครื่องมือนี้ช่วยให้คุณสามารถซิงค์กระเป๋าสตางค์ของคุณกับลูกค้าเดสก์ทอปอย่างเป็นทางการตั้งแต่วันที่ Bitcoin.org",
            "import_backup_table":{
               
            },
            "advanced_warning_sub":"ในส่วนนี้จะช่วยให้คุณสามารถทำการเปลี่ยนแปลงในกระเป๋าสตางค์ของคุณสามารถซับซ้อนและสับสน ผู้ใช้บริการควรมีประสบการณ์ดำเนินการ Bitcoin เฉพาะจากที่นี่ คุณควรจะมีความเข้าใจในสิ่งที่สำคัญและวิธีการส่วนตัวที่เกี่ยวข้องกับที่อยู่ Bitcoin",
            "export_unencrypted_title":"ส่งรูป",
            "import_keys_limit":"โโปรดทราบขณะนี้ยังไม่มีขีด จำกัด ของ 400 กระเป๋าสตางค์กุญแจส่วนตัว เบราว์เซอร์กระเป๋าขนาดใหญ่อาจจะไม่ตอบสนองในไม่กี่นาที",
            "installed_refresh_page":" เมื่อติดตั้งแล้วโปรดรีเฟรชหน้านี้"
         },
         "login":{
            "lost_two_factor_p1":"หากคุณมีสูญหายสองปัจจัยรายละเอียดการตรวจสอบของกระเป๋าสตางค์ของคุณยังสามารถกู้คืน ทั้งหมดที่เราต้องพิสูจน์ว่าคุณเป็นเจ้าของบัญชีที่น่าเชื่อถือคือจะได้รับโดยกรอกแบบฟอร์มเชื่อมโยงด้านล่าง",
            "lost_identifier_p1":" หากคุณมีสูญหายระบุกระเป๋าสตางค์ของคุณตรวจสอบก่อนอีเมลยืนยันที่คุณได้รับระหว่างการลงทะเบียน ไม่พบอีเมล? คลิกที่ปุ่มด้านล่างและเราสามารถส่งใหม่",
            "sms_code":"รหัส ข้อความ:",
            "google_authenticator_help":"กรุณาเปิดพลิเคชัน Authenticator Google และป้อนรหัสที่แสดง",
            "resend_sms_link_title":"ยังไม่ได้รับรหัส ข้อความ?",
            "email_code_help":"อีเมลที่มีรหัสยืนยันได้ถูกส่งไปยังบัญชีของคุณเมื่อคุณ",
            "lost_password_p1":"หากคุณมีสูญหายระบุกระเป๋าสตางค์ของคุณที่ใช้ในการตรวจสอบอีเมลยืนยันที่คุณได้รับเมื่อคุณสมัครสมาชิก ไม่พบอีเมล? คลิกที่ปุ่มด้านล่างและเราสามารถส่งใหม่"
         },
         "account_settings":{
            "logging_deletion":"เปลี่ยนระดับการบันทึกลบล็อกที่มีอยู่ ล็อกหมดอายุหลังจาก 2 สัปดาห์",
            "nav":{
               
            },
            "password_notice":"ไม่เคยร่วมการรหัสผ่านของคุณกับเซิร์ฟเวอร์ของเราในรูปแบบใด ๆ หรือรูปร่าง หมายถึง กระเป๋าสตางค์ของคุณยังจะปลอดภัยในกรณีเซิร์ฟเวอร์ของเราถูก hacked มันยังป้องกันเราจากการดูประวัติของบัญชีดุลหรือธุรกรรม",
            "example_password":"ถ้ารหัสผ่านกระเป๋าสตางค์ของคุณคือ: วัตถุดิบ ม้าแบตเตอรี่ คำใบ้รหัสผ่านที่ดีจะเป็น: ม้าไฟฟ้า?",
            "sms_verification_placeholder":"รหัสยืนยันทาง ข้อความ",
            "logging_full":"ล็อกการดำเนินการที่อยู่ IP และตัวแทนผู้ใช้",
            "logging_level_description":"ระดับการบันทึกควบคุมบันทึกข้อมูลเมื่อมีดำเนินการใช้สตางค์ของคุณดำเนินการ โดยค่าเริ่มต้น การบันทึกถูกปิดนอกจากดำเนินมา โดย admins เปิดใช้งานจะมีความปลอดภัยมากขึ้น โดยการให้ข้อมูลเพิ่มเติมบนอาจไม่ได้รับอนุญาตถึงกระเป๋าของคุณอย่างไรก็ ตามข้อมูลส่วนบุคคลบางอย่างอาจ sacrificed",
            "http_notifications_p1":"การแจ้งเตือน HTTP จะถูกส่งเมื่อการทำธุรกรรมจะถูกส่งหรือได้รับ โปรดดูในส่วนของนักพัฒนาเป็นคู่มือในการดำเนินการเรียกกลับ",
            "send_sms_code":"ส่งรหัส ข้อความ",
            "google_authenticator_warning":"คุณล็อคอาจออกจากบัญชีของคุณถ้าคุณออกจากหน้านี้โดยไม่ต้องจับคู่กับมือถือหรือปิดการใช้งาน Google Authenticator",
            "restrict_to_ip_description":"กรุณาเปิดนี้เพื่อจำกัดการเข้าถึงกระเป๋าสตางค์ของอยู่ IP เฉพาะที่หรือจุลภาคที่อยู่ IP หลายคั่น เปิดใช้เฉพาะ งานนี้ถ้าคุณมีอยู่ IP แบบคงที่ คุณจะไม่สามารถเข้าสู่ระบบหรือเข้าถึง API ต่าง ๆ ของจากคอมพิวเตอร์ใด ๆ บนเครือข่ายที่ระบุไม่แต่ apps แบบเคลื่อนที่จะดำเนินต่อทำครั้งเดียวคู่",
            "local_currency_description":"คุณได้อย่างรวดเร็วสามารถสลับระหว่าง Bitcoins และสกุลเงินท้องถิ่นของคุณโดยคลิกสมดุลของคุณในด้านบนขวา",
            "enter_sms_code":"ใส่รหัสที่มีอยู่ภายในการตรวจสอบข้อความ ข้อความ",
            "secret_phrase_description":"วลีลับสามารถใช้เพื่อช่วยเราในการตรวจสอบตัวตนของคุณในกรณีที่รหัสกระเป๋าเงินสูญหายหรือ yubikey ได้คำเดี่ยวหรือประโยคถึง 255 อักขระความยาว",
            "mobile_number_description":"กรุณากรอกหมายเลขโทรศัพท์มือถือของคุณด้านล่าง นานาชาติส่งข้อความ ข้อความ บางครั้งอาจจะไม่น่าเชื่อถือและไม่อาจจะใช้ได้กับบางประเทศและเครือข่าย",
            "sms_message":"ข้อความ ข้อความ",
            "security_warning_continue":"ดำเนินการต่อไป",
            "sms_notifications":"การแจ้งเตือนทาง ข้อความ",
            "sms_verified":"ข้อความ ยืนยัน"
         },
         "modals":{
            "verify_result":"ข้อความนี้ลงนามโดย {0} ที่อยู่  นี้จะตรงกับที่อยู่ที่คุณคาดหวัง?",
            "add_watch_only_address_p3":"ถ้าคุณไม่ชัดเจนในความแตกต่างระหว่างอยู่ Bitcoin และคีย์ส่วนตัว แล้วนี้ไม่คงตัวเลือกที่ คุณต้อง",
            "miners_fee_recommended_warning":"หากคุณไม่ได้รวมค่าทำรายการนี้อาจต้องใช้เวลานานที่จะได้รับการยืนยัน เงินจะถูกส่งกลับให้คุณในเวลาประมาณ 24 ชั่วโมง",
            "main_password_p1":"การดำเนินการนี้ต้องให้คุณป้อนรหัสผ่านอีกหลักของคุณ กรุณากรอกมันอย่างระมัดระวังหรือคุณอาจจะสามารถล็อกออก",
            "main_password_needed":"รหัสผลักที่จำเป่านห็น",
            "created_offline_p1":"การทำธุรกรรมของคุณได้รับการสร้างขึ้นเรียบร้อยแล้ว แต่ยังไม่ออกไปยังเครือข่าย P2P",
            "compressed_private_key_p1":"อัดคีย์ส่วนตัวไม่ได้สนับสนุนในขณะนี้โดยใช้ Android app, iPhone app หรือ Merchant API ถ้าคุณนำเข้าคีย์ส่วนตัวบีบอัดโดยตรงคุณจะไม่สามารถที่จะใช้จ่ายเงินในการใช้ที่อยู่ที่ระบุไว้ก่อนหน้านี้",
            "sweep_keys_p1":"หมายถึงการกวาดย้ายทั้งหมดเงินที่มีในหนึ่งหรือมากกว่าที่อยู่ไปยังที่อยู่อื่น กรุณาเลือกที่อยู่ที่คุณต้องการจะกวาดอยู่ที่เลือก (สมดุล {0})",
            "message_placeholder":"ป้อนข้อความของคุณต้องการรายชื่อ",
            "compressed_private_key_p2":"วิธีการแก้ปัญหาที่แนะนำคือการกวาดเงินเข้าอยู่ที่มีอยู่ Bitcoin คุณต้องการที่จะกวาดคีย์ส่วนตัวไม่ได้หรือไม่",
            "claim_p1":"โปรดเลือกหนึ่งในตัวเลือกด้านล่างเพื่อเรียกร้อง Bitcoins ของคุณ จนกว่าอ้างผู้ส่งสามารถที่จะย้อนกลับการชำระเงินนี้",
            "ask_for_anonymous_p1":"ผสม Bitcoin ของเราต้องการเหรียญของคุณ ส่งรายการนี้โดยไม่ระบุชื่อและได้รับการ {0} โบนัส% ({1} BTC จะถูกส่งกลับไปยังที่อยู่ส่ง) การทำธุรกรรมจะมีความล่าช้าประมาณ {2}",
            "sign_message_sub":"ใช้เครื่องมือนี้เพื่อเซ็นชื่อข้อความที่จะพิสูจน์ว่าคุณมีที่อยู่ เพียงแค่ลงทะเบียนรายละเอียดข้อความที่คุณอย่างเห็นด้วยกับไม่เคยลงนามในจดหมายที่คลุมเครือ กดเข้าสู่ระบบข้อความอาจทำให้เกิดเบราว์เซอร์ของคุณไม่ตอบสนองในไม่กี่วินาที",
            "private_key_needed_p1":"การดำเนินการนี้ต้องใช้คีย์ส่วนตัวของที่อยู่ Bitcoin {0} กรุณากรอกคีย์ส่วนตัวด้านล่าง",
            "second_password_p1":"การดำเนินการนี้ต้องให้คุณป้อนรหัสผ่านที่สองของคุณซึ่งเป็นสิ่งจำเป็นอย่างเต็มที่ถอดรหัสกระเป๋าสตางค์ของคุณ คุณไม่ควรใส่รหัสผ่านที่สองของคุณบนคอมพิวเตอร์ที่ไม่น่าเชื่อถือ ใช้แป้นพิมพ์บนหน้าจอเพื่อให้การป้องกันจาก keyloggers บาง",
            "address_not_synced_p1":"ที่อยู่นี้ยังไม่ได้รับการบันทึกในเซิร์ฟเวอร์ของเรายังอาจจะหายไปและหลังจากออกจากหน้านี้",
            "confirm_delete_p1":"บ้างคุณแน่ใจว่าต้องการเอาออกอยู่ คุณจะไม่สามารถส่ง หรือรับ Bitcoins จากที่อยู่นี้ ดุลอยู่นี้คือ:",
            "miners_fee_recommended_p1":"รายการดังกล่าวนี้มีความสำคัญต่ำ ขอแนะนำให้คุณอย่างน้อยต้องประกอบด้วยค่าใช้จ่ายของการทำธุรกรรมเพื่อให้แน่ใจว่าคนงานเหมือง 0.0005 กระบวนการ BTC",
            "claim_title":"คุณได้รับ Bitcoins!",
            "continue_btn":"ดำเนินการต่อไป"
         },
         "wallet_home":{
            "backup_description":"กระเป๋าสตางค์ของสำรองมีขั้นตอนสำคัญซึ่งง่ายที่จะลืม ใช้เวลา Blockchain.info ระมัดระวังป้องกันการเก็บกระเป๋าสตางค์ของเซฟแต่มันของเสมอดีกว่าการเก็บสำเนาภายในเครื่องเพียงแค่ในกรณี",
            "withdraw_description":"ใช้บริการด้านล่างนี้เพื่อแปลง Bitcoins กลับเข้ามาในสกุลเงินท้องถิ่นที่คุณ",
            "deposit_and_withdraw":"การฝากและถอนเงิน",
            "deposit_description":"วิธีที่เร็วและง่ายที่สุดในการฝากเงิน Bitcoins ในบัญชีของคุณคือการใช้บริการด้านล่าง"
         },
         "success":{
            "sms_updated":"จำนวน ข้อความ ปรับปรุงเรียบร้อยแล้ว ข้อความที่ถูกส่งตรวจสอบ",
            "updated_ip_address":"ที่อยู่ IP ปรับปรุง",
            "two_factor_authentication_request_approved":"สองหน้าการตรวจสอบปัจจัยที่ได้รับอนุมัติใหม่ การร้องขอดังกล่าวจะได้รับการตรวจทานโดยเร็ว",
            "email_updated":"อีเมล์ปรับปรุง",
            "sms_code_sent":"รหัสยืนยันทาง ข้อความ ส่ง",
            "confirmation_sms_sent":"ส่ง ข้อความ ยืนยัน",
            "sms_verified":"จำนวน ข้อความ ยืนยันเรียบร้อยแล้ว"
         },
         "receive_money":{
            "group_by_taint":"กลุ่มที่อยู่คราบ",
            "anonymous_addresses_description":"ได้รับชำระจะถูกส่งต่อไปยังที่อยู่ที่ไม่ระบุชื่อที่อยู่ในกระเป๋าของคุณ การชำระเงินที่ได้รับจะถูกส่งผ่านเครื่องผสมที่จะแยกกระเป๋าสตางค์ส่วนบุคคลของคุณของผู้ส่ง การทำธุรกรรมที่ได้รับการระบุชื่อที่อยู่ไม่สามารถเชื่อมโยงกับกระเป๋าปกติ",
            "new_address_tooltip":"คลิกที่นี่เพื่อสร้างที่อยู่ Bitcoin ใหม่ คุณสามารถเริ่มต้นรับ Bitcoins ไปยังที่อยู่นี้ทันที",
            "sweep_keys_tooltip":"ย้าย Bitcoins ใด ๆ ในคีย์ที่เลือกไปยังที่อยู่ที่แตกต่างกัน Bitcoin",
            "archived_addresses_description":"ที่อยู่ถาวรคือที่อยู่คุณอาจไม่จำเป็นต้องมากกว่าที่ซ่อนอยู่จากมุมมองหลัก แต่ก็ยังเป็นส่วนหนึ่งของกระเป๋าสตางค์ของคุณ คุณสามารถยกเลิกการเก็บพวกเขาได้ตลอดเวลาโดยคลิกที่ไอคอนสีฟ้า",
            "anonymous_addresses_description2":"ที่อยู่ไม่ระบุชื่อที่ถูกต้องสำหรับการทำธุรกรรมเท่านั้นและต้องเสียค่าธรรมเนียมการทำธุรกรรม 1.5%"
         },
         "send_coins":{
            "send_via_sms":"ส่งผ่านระบบ ข้อความ",
            "btcdice_sub":"{0} - เลือกราคาที่วางเดิมพันและรับเงินรางวัลกลับไปในวินาที",
            "send_via_sms_sub":"ใช้แบบฟอร์มด้านล่างเพื่อส่ง Bitcoin ของผ่านทาง ข้อความ",
            "email_address_tooltip":"นี่คือที่อยู่อีเมลของบุคคลที่คุณต้องการส่งไป Bitcoins",
            "add_recipient_tooltip":"ถ้าคุณต้องการส่ง Bitcoins ไปยังผู้รับหลายครั้ง คลิกที่นี่เพื่อเพิ่มที่อยู่อื่น",
            "send_anonymously_sub":"ใช้โพสต์ไม่ประสงค์ออกนามให้การทำธุรกรรมไม่สามารถ traced ระหว่างผู้ส่งและผู้รับ",
            "sms_number_help":"ใส่จำนวน ข้อความ ของผู้รับ",
            "sms_number_tooltip":"ใส่หมายเลข ข้อความ ของบุคคลที่คุณต้องการส่งไป Bitcoins",
            "address_book_sub":"สมุดที่อยู่มีรายชื่อของที่อยู่จัดส่ง คุณสามารถใช้มันเพื่อเก็บที่อยู่ของ Bitcoin คนที่คุณรู้จักหรือร้านค้าที่คุณใช้บ่อย",
            "sms_message":"ข้อความ ข้อความ",
            "miners_fee_tooltip":"ค่าธรรมเนียมนี้จะถูกส่งไปปฏิบัติ Bitcoin และสามารถช่วยทำธุรกรรมของคุณได้เร็วขึ้นการประมวลผล",
            "sms_number":"จำนวน ข้อความ",
            "satoshi_dice_sub":"{0} เป็นที่นิยมมากที่สุดเกมการพนัน Bitcoin ชนะได้ถึง 64,000 x เงินเดิมพันของคุณทันที ม้วนทั้งหมดอยู่ในการตรวจสอบการใช้ blockchain"
         },
         "errors":{
            "error_sending_sms_code":"มีข้อผิดพลาดการส่ง ข้อความ สองการตรวจสอบรหัสของคุณปัจจัยคือ",
            "invalid_sms_number":"ที่ไม่ถูกต้องจำนวน ข้อความ",
            "error_updating_auto_backup":"ข้อผิดพลาดในการปรับปรุงการตั้งค่าการสำรองข้อมูลอีเมล์อัตโนมัติ",
            "two_factor_authentication_not_enabled":"การตรวจสอบปัจจัยที่สองไม่เปิดใช้งานในบัญชีของคุณ",
            "sms_not_found":"จำนวน ข้อความ ไม่พบ",
            "invalid_alias":"นามแฝงต้องตัวอักษรและตัวเลข",
            "error_updating_sms":"ข้อผิดพลาดปรับปรุงจำนวน ข้อความ",
            "error_updating_auth_saving":"ข้อผิดพลาดในการรับรองความถูกต้องในการบันทึกการตั้งค่าการปรับปรุง",
            "unknown_identifier":"ที่ไม่รู้จักตัวบ่งชี้กระเป๋าสตางค์ กรุณาตรวจสอบที่คุณป้อนมันขวา",
            "sms_code_incorrect":"รหัสยืนยันทาง ข้อความ ไม่ถูกต้อง",
            "error_updating_secret_phrase":"ข้อผิดพลาดปรับปรุงเฉพาะวลี",
            "error_sending_password_hints":"ล้มเหลวที่ไม่รู้จักในระหว่างการส่งรหัสผ่านคำแนะนำ"
         },
         "tooltips":{
            "balance":{
               
            },
            "connection_status":{
               "tip":"เมื่อเชื่อมต่อคุณจะต้องรีเฟรชหน้านี้เพื่อดูรายการใหม่ เมื่อรายการที่เกี่ยวโยงกันจะแสดงโดยตรง"
            }
         }
      },
      "wallet_forgot_identifier":{
         "p1":"หากคุณไม่ได้มีอีเมลที่เชื่อมโยงกับบัญชีของคุณโปรดติดต่อเรา ({0}) กับข้อมูลที่คุณสามารถให้ชื่อผู้ใช้รวมทั้ง Skype, Google ชื่อผู้ใช้ Talk, วลีหรือนามแฝง",
         "email_or_sms":"อีเมล์หรือ ข้อความ:"
      },
      "rejected":{
         "sub_header":"การทำธุรกรรมและบล็อกถูกปฏิเสธโดยโหนด Bitcoin ของเรา"
      },
      "footer":{
         
      },
      "webgl_globe":{
         
      },
      "hub_nodes":{
         "sub_header":"หน้านี้จะแสดงโหนดที่มีการจัดส่ง blockchain.info ธุรกรรมครั้งแรก โหนดในหน้านี้มักจะเชื่อมต่อกันโหนดศูนย์กลางในการให้ผู้ค้าหรือคนงานเหมือง",
         "meta_description":"ที่อยู่ IP ของการทำธุรกรรม Bitcoin โหนดที่ถ่ายทอดส่วนใหญ่ blockchain.info"
      },
      "emails":{
         "tx":{
            
         },
         "confirmation_code":{
            "p1":"เป็นความพยายามที่จะเข้าสู่บัญชีของฉัน Wallet ของคุณจากที่อยู่ IP {0} ใส่รหัสยืนยันด้านล่างเพื่อเข้าถึงบัญชีของคุณ ถ้ามันไม่ได้ที่คุณเข้าสู่ระบบที่ทำให้ความพยายามนี้คุณสามารถละเว้นอีเมลนี้"
         },
         "account_locked":{
            "p1":"ความพยายามที่ไม่ประสบความสำเร็จหลายคนได้รับในการเข้าสู่บัญชีของคุณกับกระเป๋าสตางค์ของคุณ สำหรับการป้องกันของคุณพยายามเข้าสู่ระบบใหม่ได้รับการใช้งานได้จนกว่า {0}",
            "p2":"หากความพยายามเข้าสู่ระบบไม่ได้ทำโดยคุณคุณควรเปลี่ยนรหัสผ่านของคุณทันทีที่บัญชีสามารถใช้ได้อีกครั้ง ถ้าคุณสนใจโปรดติดต่อเราและเราจะขยายคีย์"
         },
         "two_factor_reset_request":{
            "p1":"มีการร้องขอรับการทำเพื่อลบการตรวจสอบสองปัจจัยจากบัญชีกระเป๋าสตางค์ของฉัน:",
            "p3":"หากคำขอไม่ได้ทำตามที่คุณโปรดกด URL ต่อไปนี้ที่จะปฏิเสธคำขอนี้:",
            "p4":"นี้คือคนที่อาจพยายามเข้าถึงกระเป๋าสตางค์ของคุณ Bitcoin โปรดอย่าละเลยคำขอนี้"
         },
         "password_hints":{
            
         },
         "welcome":{
            "p1":"อีเมลนี้มีข้อมูลที่สำคัญเกี่ยวกับ Bitcoin ของคุณกระเป๋าสตางค์ใหม่ ตรวจสอบเพื่อให้การรักษาความปลอดภัยและเก็บไว้แยกต่างหากจากรหัสผ่านของคุณ"
         },
         "wallet_backup":{
            "p1":"ที่แนบมากับอีเมลนี้เป็นกระเป๋าสตางค์สำรอง AES เข้ารหัสที่มีทุกสิ่งที่คุณจำเป็นต้องเรียกคืนความสมดุลของคุณ Bitcoin คุณสามารถใช้มันเพื่อเรียกคืนกระเป๋าสตางค์ของคุณได้ตลอดเวลาที่ {0} หรือใช้โปรแกรมคอมพิวเตอร์ของบุคคลที่ 3 {1}"
         }
      },
      "transactions_summary":{
         "transaction_is_double_spend":"รายการนี้เป็นคู่ใช้จ่าย!"
      },
      "export_history":{
         
      },
      "wallet_index":{
         "p1":"กระเป๋าสตางค์ของฉันเป็นฟรีกระเป๋าเงินออนไลน์ Bitcoin ซึ่งคุณสามารถใช้เพื่อให้การชำระเงินทั่วโลกได้ฟรี เราจะให้ชำระเงินด้วย Bitcoins ง่ายและปลอดภัยสามารถใช้ได้ทุกที่บนโทรศัพท์หรือคอมพิวเตอร์ของคุณ",
         "slides":{
            "double_encryption_p1":"ก่อนที่จะกระเป๋าสตางค์ Bitcoin คุณถูกเก็บไว้บนเซิร์ฟเวอร์ของเราคือการเข้ารหัส AES 256 บิตเบราว์เซอร์ของคุณ ว่ารหัสผ่านของคุณจะไม่ร่วมกับเราเพื่อให้เราไม่สามารถแม้แต่จะเปิดกระเป๋าสตางค์ของคุณ ที่ไม่เพียง แต่กระเป๋าสตางค์ของคุณสามารถเลือกที่จะเข้ารหัสอีกครั้งด้วยรหัสผ่านที่สองต้องใช้รหัสผ่านเพื่อเข้าสู่ระบบและรหัสผ่านแยกที่จะทำธุรกรรม หากที่ไม่เพียงพอที่เรายังสนับสนุนความหลากหลายของสองปัจจัยวิธีการตรวจสอบรวมทั้ง Yubikeys Mt.Gox",
            "one_click_backups_p1":"เราได้ใช้ความพยายามที่จะทำให้กระเป๋าสตางค์ของคุณทุก แต่มีแทนไม่เป็นมีสำรองในเครื่องคอมพิวเตอร์ของคุณเอง ที่สัมผัสของปุ่มคุณสามารถมีกระเป๋าสตางค์เข้ารหัสลับของคุณไปถึงคุณบันทึกไว้ในบัญชี dropbox หรือเก็บไว้ในเครื่อง แล้วแม้ blockchain.info ประสบการสูญเสียข้อมูลหรือจะออฟไลน์สำหรับคุณยังสามารถเข้าถึงเงินของคุณ"
         },
         "p2":"เราไม่ได้เป็นธนาคารคุณคงเป็นเจ้าของอย่างเต็มรูปแบบของเงินของคุณ เราไม่สามารถมองเห็นยอดคงเหลือของคุณดูรายการหรือชำระเงินในนามของคุณ",
         "control":{
            "p4":"กระเป๋าสตางค์หมายความว่ามันไม่สามารถยึดหรือบล็อกและสามารถนำเข้าไปเดสก์ทอปไคลเอนต์ Bitcoin"
         },
         "easy":{
            "send_via":"ส่งผ่าน Facebook, อีเมล์หรือ ข้อความ"
         },
         "confused":{
            
         },
         "meta_description":"กระเป๋าสตางค์ของฉันเป็นกระเป๋าสตางค์ Bitcoin ออนไลน์ฟรีที่คุณสามารถใช้เพื่อให้การชำระเงินทั่วโลกได้ฟรี เราจะให้ชำระเงินด้วย bitcoins ง่ายและปลอดภัย",
         "features":{
            "p1":"ที่ทันสมัยที่สุดกระเป๋าสตางค์ Bitcoin ออนไลน์",
            "payment_notifications":"การแจ้งเตือนทาง ข้อความ และการชำระเงินอีเมล์"
         },
         "security":{
            "p2":"การเข้ารหัสเพื่อปกป้องกระเป๋าสตางค์ของคุณจากขโมยและแฮกเกอร์ส่วนที่น่าตื่นตาตื่นใจคือทั้งหมดที่ทำในการเข้ารหัสเบราว์เซอร์ของคุณก่อนที่จะถูกเก็บไว้บนเซิร์ฟเวอร์ของเราเพื่อให้เราไม่ได้มีการเข้าถึงบัญชีของคุณ!",
            "p3":"กระเป๋าสตางค์ของฉันถูกสร้างขึ้นบน Bitcoin รักษาความปลอดภัยโดยการให้จำนวนของคุณลักษณะที่จะช่วยให้คุณเก็บเงินของคุณให้ปลอดภัยรวมทั้ง"
         },
         "anonymous":{
            
         },
         "deposit":{
            "p1":"กระเป๋าสตางค์ของฉันเป็นกระเป๋าสตางค์ Bitcoin ออนไลน์ฟรีที่คุณสามารถใช้เพื่อให้การชำระเงินทั่วโลกได้ฟรี เราจะให้ชำระเงินด้วย bitcoins อย่างง่ายดายและปลอดภัยสามารถใช้ได้ทุกที่บนมือถือหรือเดสก์ทอปของคุณ"
         },
         "merchants":{
            "p1":"1000 ของพ่อค้าแล้วยอมรับทั่วโลก Bitcoin กับคนใหม่เข้าร่วมในชีวิตประจำวัน ทุกอย่างจากโป๊กเกอร์ออนไลน์กาแฟออร์แกคุณชื่อมันคุณสามารถซื้อมันด้วย Bitcoins"
         },
         "tooltips":{
            "remote_backup":"สำรองข้อมูลระยะไกลคือเมื่อกระเป๋าสตางค์ของคุณจะถูกเก็บไว้ในสถานที่แยกอื่น ๆ กว่า PC ท้องถิ่นของคุณ มันเป็นสิ่งสำคัญเพื่อให้แน่ใจว่าเงินของคุณจะไม่สูญหายในกรณีของความล้มเหลวฮาร์ดไดรฟ์หรือความบกพร่องของคอมพิวเตอร์",
            "offline_transactions":"การทำธุรกรรมการทำธุรกรรม Bitcoin ออฟไลน์ไม่มีการเชื่อมต่อที่สร้างอินเทอร์เน็ตที่ใช้งาน พวกเขาจะถือว่าปลอดภัยมากขึ้นเป็นเครื่องคอมพิวเตอร์ของคุณจะถูกแยกออกจากอินเทอร์เน็ต",
            "paper_wallet":"กระเป๋าสตางค์กระดาษเป็นเอกสารที่พิมพ์ซึ่งประกอบด้วยข้อมูลทั้งหมดที่จำเป็นต้องกู้คืนของคุณ Bitcoins"
         }
      },
      "misc":{
         "disclaimer":"ใช้งานใด ๆ ของเงินในระยะบนเว็บไซต์นี้หมายถึงสกุลเงินเสมือนเพียง เราไม่รับประกันว่า bitcoins สามารถแลกกับราคาซื้อ"
      },
      "error_page":{
         
      },
      "wallet":{
         "new_users_p1":"สร้างกระเป๋าสตางค์ Bitcoin ใหม่ใช้เวลาอย่างแท้จริงไม่กี่วินาที คุณจะสามารถที่จะส่งและรับชำระเงินทันที",
         "my_wallet":"My Wallet"
      },
      "address":{
         "sub_header":"ที่อยู่เป็นตัวระบุที่ใช้ในการส่งไปยังผู้อื่น Bitcoins",
         "meta_description":"การทำธุรกรรมที่ส่งไปยังและได้รับจากที่อยู่ Bitcoin",
         "invalid_address":"ขออภัยนี้ไม่ใช่ที่อยู่ที่ถูกต้อง Bitcoin",
         "no_transactions":"การทำธุรกรรมไม่พบที่อยู่นี้เขาอาจจะไม่เคยถูกนำมาใช้บนเครือข่ายยัง",
         "table_summary":{
            
         },
         "double_spend_warning":"คำเตือน! ที่อยู่ Bitcoin มีการทำธุรกรรมที่อาจดับเบิลค่าใช้จ่าย คุณจะต้องระมัดระวังมากเมื่อไว้วางใจการทำธุรกรรมแต่ละหรือจากที่อยู่นี้",
         "table_transactions":{
            
         }
      },
      "blocks":{
         
      },
      "home":{
         "other_links":{
            "nodes2":"บันทึกของโหนดทั้งหมดที่เชื่อมต่อกับ Bitcoin blockchain.info",
            "wallet":"My Wallet",
            "most_popular2":"ที่อยู่ได้รับเงินบางส่วน",
            "wallet2":"การจัดการเงินของคุณด้วยกระเป๋าสตางค์เว็บ Bitcoin ที่ทันสมัยที่สุดของ",
            "hub_nodes2":"รายการซูเปอร์โหนด Bitcoin เชื่อมต่อกันมากที่สุด"
         },
         "meta_description":"Bitcoin บล็อกเรอตาสถิติ ดูข้อมูลรายละเอียดเกี่ยวกับการทำธุรกรรมทั้งหมด Bitcoin และป้องกัน",
         "table_headers":{
            
         },
         "about":{
            "p1":"Bitcoin เป็นสกุลเงินของ peer-to-peer วิธี peer-to-peer ที่ไม่มีปัญหาผู้มีอำนาจเงินใหม่หรือแทร็คการทำธุรกรรม งานเหล่านี้มีการจัดการโดยเครือข่ายรวม",
            "p2":"เว็บไซต์นี้จะช่วยให้คุณสามารถนำทาง blockchain Bitcoin (ฐานข้อมูลที่เก็บข้อมูลเกี่ยวกับการทำธุรกรรมทั้งหมด) นอกจากนี้เรายังทำงานกระเป๋าสตางค์ที่ใหญ่ที่สุดและมีความปลอดภัยมากที่สุดที่ Bitcoin"
         }
      },
      "tx_tree":{
         "meta_description":"กราฟต้นไม้แสดงผลลัพธ์ของการทำธุรกรรม Bitcoin {0}"
      },
      "strange_transactions":{
         "sub_header":"การทำธุรกรรมที่มีการส่งออกของซึ่งเราไม่สามารถที่จะถอดรหัสที่อยู่ Bitcoin",
         "title":"การทำธุรกรรมแปลก - Blockchain.info"
      },
      "maintenance":{
         
      },
      "transaction":{
         "input_decode_error":"ไม่สามารถถอดรหัสเข้าอยู่"
      },
      "orphaned_blocks":{
         "meta_description":"บล็อกกำพร้าเป็นผลบล็อกไม่ได้เป็นส่วนหนึ่งของห่วงโซ่บล็อก Bitcoin หลัก",
         "p1":"ป้องกันการปิดหรือบล็อก Yatim ถูกต้องตามกฎหมายคือไม่เป็นส่วนหนึ่งของห่วงโซ่หลัก พวกเขาสามารถเกิดขึ้นตามธรรมชาติเมื่อสองคนงานเหมืองผลิตบล็อกในเวลาเดียวกันหรือพวกเขาอาจจะเกิดจากการโจมตี (ที่มีพลังมากพอที่ hashing) เพื่อพยายามปฏิเสธการทำรายการ"
      }
   },
   "name":"Thai",
   "native_name":"ภาษาไทย",
   "properties":{
      "extends":"auto_thai"
   }
}